Date Time,Open,High,Low,Close,Volume,Adj Close
2017-12-17 22:00:00,314.31,314.45,312.0,312.65,1041591.07881,312.65
2017-12-17 21:00:00,313.0,317.36,311.0,314.31,2477482.3419,314.31
2017-12-17 20:00:00,319.69,321.83,312.5,313.0,2852775.93123,313.0
2017-12-17 19:00:00,320.92,323.0,317.2,319.67,3554224.75492,319.67
2017-12-17 18:00:00,316.35,321.0,314.15,321.0,2413415.11378,321.0
2017-12-17 17:00:00,315.15,317.76,310.71,315.7,3176509.14182,315.7
2017-12-17 16:00:00,324.0,324.89,315.01,315.15,3268774.3463,315.15
2017-12-17 15:00:00,327.9,329.99,322.41,324.0,3130424.97211,324.0
2017-12-17 14:00:00,322.05,328.97,319.91,328.0,4234286.19626,328.0
2017-12-17 13:00:00,313.98,322.02,313.5,322.0,2139511.40577,322.0
2017-12-17 12:00:00,313.33,313.99,311.41,313.99,1754089.59797,313.99
2017-12-17 11:00:00,314.2,318.0,310.2,313.33,2157453.37218,313.33
2017-12-17 10:00:00,316.26,323.0,310.01,314.8,3582352.82272,314.8
2017-12-17 09:00:00,303.5,329.0,303.5,316.87,7124484.6578,316.87
2017-12-17 08:00:00,295.31,305.0,294.92,303.5,2272700.89921,303.5
2017-12-17 07:00:00,292.58,295.64,291.01,295.31,1349769.79521,295.31
2017-12-17 06:00:00,294.57,296.11,292.03,292.58,632587.345473,292.58
2017-12-17 05:00:00,292.66,296.33,292.66,294.57,607426.341144,294.57
2017-12-17 04:00:00,288.89,296.0,287.71,292.94,829685.636408,292.94
2017-12-17 03:00:00,296.55,296.95,287.02,288.3,1590225.85138,288.3
2017-12-17 02:00:00,298.34,299.2,294.71,296.62,861734.454093,296.62
2017-12-17 01:00:00,294.65,299.2,293.07,298.28,890711.069474,298.28
2017-12-17 00:00:00,293.01,298.47,291.92,294.74,1658571.28281,294.74
2017-12-16 23:00:00,299.0,300.77,293.0,293.17,1396651.89617,293.17
2017-12-16 22:00:00,298.24,301.0,295.48,300.77,1599441.96585,300.77
2017-12-16 21:00:00,303.99,304.89,292.54,299.0,2335525.49002,299.0
2017-12-16 20:00:00,306.49,307.23,301.62,303.98,1599612.81624,303.98
2017-12-16 19:00:00,297.3,307.99,297.0,306.49,2000133.32929,306.49
2017-12-16 18:00:00,296.59,298.0,293.35,297.45,1260676.76049,297.45
2017-12-16 17:00:00,295.97,296.95,292.2,295.68,1479431.45159,295.68
2017-12-16 16:00:00,293.22,299.54,292.01,295.95,1274535.41473,295.95
2017-12-16 15:00:00,293.51,295.88,290.51,294.0,876063.2722,294.0
2017-12-16 14:00:00,295.02,296.91,291.0,293.51,1264635.93053,293.51
2017-12-16 13:00:00,294.7,298.46,294.03,295.02,1313695.30651,295.02
2017-12-16 12:00:00,292.01,296.24,291.04,294.65,1400845.62675,294.65
2017-12-16 11:00:00,296.0,299.0,292.0,292.0,1355403.77526,292.0
2017-12-16 10:00:00,300.75,303.71,295.2,296.0,1521646.1062,296.0
2017-12-16 09:00:00,295.0,306.64,292.34,300.22,2773128.26075,300.22
2017-12-16 08:00:00,292.02,297.0,291.0,295.0,1426003.37547,295.0
2017-12-16 07:00:00,294.28,296.1,291.62,291.81,1114494.10704,291.81
2017-12-16 06:00:00,301.99,301.99,291.27,294.0,869164.328299,294.0
2017-12-16 05:00:00,303.87,306.69,298.0,301.98,1309824.62044,301.98
2017-12-16 04:00:00,303.36,308.98,300.0,303.65,1734936.61074,303.65
2017-12-16 03:00:00,292.9,303.36,291.68,303.36,1124778.48267,303.36
2017-12-16 02:00:00,298.54,300.48,290.0,293.77,1815135.64506,293.77
2017-12-16 01:00:00,304.73,305.5,298.06,298.11,1920261.05585,298.11
2017-12-16 00:00:00,301.59,310.2,295.3,304.56,4914708.91754,304.56
2017-12-15 23:00:00,290.85,307.0,288.01,301.59,8718336.05065,301.59
2017-12-15 22:00:00,288.55,292.22,280.58,290.8,3575374.76973,290.8
2017-12-15 21:00:00,267.55,296.88,267.01,289.5,7262455.78201,289.5
2017-12-15 20:00:00,260.07,269.0,259.03,267.55,1271204.81206,267.55
2017-12-15 19:00:00,259.2,262.97,257.6,260.07,1088459.34686,260.07
2017-12-15 18:00:00,259.53,263.32,255.0,259.29,1986686.26153,259.29
2017-12-15 17:00:00,267.9,269.4,259.23,259.23,1433496.49272,259.23
2017-12-15 16:00:00,265.31,274.89,264.99,267.9,1707244.82386,267.9
2017-12-15 15:00:00,268.1,268.1,264.36,265.4,1756705.19959,265.4
2017-12-15 14:00:00,267.97,270.0,266.02,267.14,1291857.1383,267.14
2017-12-15 13:00:00,267.54,272.0,266.0,268.34,1058137.09948,268.34
2017-12-15 12:00:00,269.79,280.0,266.0,267.54,2716009.60355,267.54
2017-12-15 11:00:00,254.92,269.8,254.68,269.08,2256428.2496,269.08
2017-12-15 10:00:00,257.53,264.7,244.0,255.12,3759955.01422,255.12
2017-12-15 09:00:00,272.32,273.39,255.0,257.53,2755203.71867,257.53
2017-12-15 08:00:00,274.11,276.65,271.24,272.29,1639696.0435,272.29
2017-12-15 07:00:00,268.21,276.73,265.0,274.11,1428044.33216,274.11
2017-12-15 06:00:00,267.96,273.43,267.12,268.2,768837.814379,268.2
2017-12-15 05:00:00,271.0,275.91,266.0,267.96,929495.634356,267.96
2017-12-15 04:00:00,267.12,277.91,266.22,271.73,1016756.80332,271.73
2017-12-15 03:00:00,258.99,272.82,258.94,267.12,870228.903268,267.12
2017-12-15 02:00:00,268.0,274.14,258.0,258.94,1636584.26581,258.94
2017-12-15 01:00:00,275.1,281.32,266.82,269.16,1672379.4563,269.16
2017-12-15 00:00:00,277.51,278.32,268.28,275.1,2867536.29681,275.1
2017-12-14 23:00:00,259.28,278.14,251.0,277.5,6555565.03546,277.5
2017-12-14 22:00:00,281.29,281.9,258.88,259.19,8038787.93956,259.19
2017-12-14 21:00:00,283.9,285.44,272.0,281.4,2613154.87878,281.4
2017-12-14 20:00:00,287.0,287.4,283.0,284.5,1204492.86436,284.5
2017-12-14 19:00:00,288.0,288.93,283.11,287.0,1891323.24129,287.0
2017-12-14 18:00:00,285.0,290.0,284.8,286.07,1787880.06318,286.07
2017-12-14 17:00:00,289.0,289.79,282.26,285.0,2017604.51406,285.0
2017-12-14 16:00:00,292.0,296.0,285.0,289.0,2449134.59266,289.0
2017-12-14 15:00:00,281.03,292.35,281.0,292.35,1739027.0384,292.35
2017-12-14 14:00:00,286.1,293.97,279.99,281.03,2268745.9028,281.03
2017-12-14 13:00:00,291.82,293.97,283.0,286.1,2035615.74338,286.1
2017-12-14 12:00:00,292.47,298.5,291.64,291.77,1562039.2278,291.77
2017-12-14 11:00:00,292.64,294.99,288.0,292.41,2026676.13245,292.41
2017-12-14 10:00:00,298.82,305.0,289.0,292.76,4271132.99928,292.76
2017-12-14 09:00:00,295.23,298.88,293.53,298.16,2216281.53639,298.16
2017-12-14 08:00:00,289.25,297.98,284.01,295.17,2244338.7608,295.17
2017-12-14 07:00:00,294.11,297.39,287.01,289.5,1171896.54375,289.5
2017-12-14 06:00:00,290.99,299.8,290.83,294.1,1055842.01388,294.1
2017-12-14 05:00:00,284.5,291.69,284.06,290.99,939370.126118,290.99
2017-12-14 04:00:00,288.27,289.91,280.6,284.67,1051732.41634,284.67
2017-12-14 03:00:00,284.88,294.89,283.37,288.27,1677794.38497,288.27
2017-12-14 02:00:00,286.72,287.53,266.0,284.6,3213836.85679,284.6
2017-12-14 01:00:00,290.97,294.95,278.0,285.79,4231776.59722,285.79
2017-12-14 00:00:00,299.8,304.75,286.72,290.93,4602348.34245,290.93
2017-12-13 23:00:00,300.0,315.0,294.0,299.99,5063983.37924,299.99
2017-12-13 22:00:00,322.99,329.54,296.01,300.0,7389265.93841,300.0
2017-12-13 21:00:00,307.85,336.0,307.68,322.99,16869470.8688,322.99
2017-12-13 20:00:00,283.35,307.85,282.0,307.85,9926543.1386,307.85
2017-12-13 19:00:00,281.43,287.0,281.0,283.4,1519232.75295,283.4
2017-12-13 18:00:00,287.58,292.0,280.01,281.13,3252106.35304,281.13
2017-12-13 17:00:00,284.0,288.05,280.0,287.58,2375686.4743,287.58
2017-12-13 16:00:00,290.05,292.0,280.0,283.68,2631129.27119,283.68
2017-12-13 15:00:00,289.95,291.98,286.06,290.05,1726418.55181,290.05
2017-12-13 14:00:00,288.06,292.99,283.0,289.5,3799225.29708,289.5
2017-12-13 13:00:00,281.0,292.0,280.18,288.84,5876290.54204,288.84
2017-12-13 12:00:00,276.0,283.62,268.92,280.02,2799888.61985,280.02
2017-12-13 11:00:00,267.63,279.49,263.1,276.0,4106284.42837,276.0
2017-12-13 10:00:00,290.0,294.66,248.0,265.01,8135389.01586,265.01
2017-12-13 09:00:00,294.05,298.89,288.01,289.27,2904221.87745,289.27
2017-12-13 08:00:00,275.95,295.0,275.95,294.04,2974753.36412,294.04
2017-12-13 07:00:00,285.44,288.0,259.48,276.0,5269507.91454,276.0
2017-12-13 06:00:00,297.62,298.57,280.0,285.5,2666953.34026,285.5
2017-12-13 05:00:00,297.25,299.88,292.79,297.04,1926557.99743,297.04
2017-12-13 04:00:00,298.5,299.87,294.65,297.25,1819557.77931,297.25
2017-12-13 03:00:00,298.77,299.5,293.0,298.5,2600528.4164,298.5
2017-12-13 02:00:00,297.83,299.88,286.1,298.69,4153956.55057,298.69
2017-12-13 01:00:00,284.5,299.5,281.01,298.0,5258365.49784,298.0
2017-12-13 00:00:00,292.09,294.49,275.0,284.0,8376037.09402,284.0
2017-12-12 23:00:00,282.91,294.0,274.01,291.99,11023054.8835,291.99
2017-12-12 22:00:00,283.5,299.9,280.0,282.96,18862102.7419,282.96
2017-12-12 21:00:00,268.35,283.44,256.12,283.05,10407143.0598,283.05
2017-12-12 20:00:00,265.93,285.4,257.12,268.35,16030627.4285,268.35
2017-12-12 19:00:00,240.39,266.88,239.34,265.93,11970132.8553,265.93
2017-12-12 18:00:00,238.6,243.0,233.98,240.39,3451411.67276,240.39
2017-12-12 17:00:00,237.34,245.5,235.32,238.32,4022675.54421,238.32
2017-12-12 16:00:00,228.77,240.65,228.0,237.39,5913390.04771,237.39
2017-12-12 15:00:00,226.78,231.97,217.9,228.8,4161059.84608,228.8
2017-12-12 14:00:00,233.7,233.88,220.78,226.78,4122154.53199,226.78
2017-12-12 13:00:00,231.55,237.99,228.27,233.7,4442580.02119,233.7
2017-12-12 12:00:00,227.0,234.0,225.9,231.5,3976661.1367,231.5
2017-12-12 11:00:00,220.12,230.0,217.0,227.0,7973798.27395,227.0
2017-12-12 10:00:00,222.0,235.07,217.57,220.12,12494501.2935,220.12
2017-12-12 09:00:00,215.48,225.0,212.22,222.0,6725911.86206,222.0
2017-12-12 08:00:00,204.27,216.0,199.36,215.48,5299689.47201,215.48
2017-12-12 07:00:00,217.0,217.6,200.0,204.26,6351470.85345,204.26
2017-12-12 06:00:00,193.3,217.37,193.0,217.0,7018458.18256,217.0
2017-12-12 05:00:00,191.92,193.93,191.26,193.27,1019060.6888,193.27
2017-12-12 04:00:00,189.0,193.98,181.5,191.01,1667374.93154,191.01
2017-12-12 03:00:00,195.68,195.68,183.8,188.99,1864984.02713,188.99
2017-12-12 02:00:00,191.5,196.76,188.0,194.75,3388183.7524,194.75
2017-12-12 01:00:00,181.25,194.65,180.44,191.3,5197684.54401,191.3
2017-12-12 00:00:00,174.4,183.0,174.0,181.25,3536929.73635,181.25
2017-12-11 23:00:00,176.0,181.3,173.5,174.47,3789470.10895,174.47
2017-12-11 22:00:00,172.64,183.27,170.77,176.0,7434218.02672,176.0
2017-12-11 21:00:00,160.5,176.0,160.5,172.64,6129697.82033,172.64
2017-12-11 20:00:00,157.94,161.8,157.69,160.5,1518446.76466,160.5
2017-12-11 19:00:00,158.8,159.48,156.11,157.7,1285094.70021,157.7
2017-12-11 18:00:00,158.37,162.73,158.37,158.8,2152620.09767,158.8
2017-12-11 17:00:00,158.3,159.0,156.0,158.65,1265241.76358,158.65
2017-12-11 16:00:00,155.36,159.98,154.8,158.3,1505827.66916,158.3
2017-12-11 15:00:00,157.67,157.67,153.52,155.2,1186185.17519,155.2
2017-12-11 14:00:00,158.83,160.5,155.3,157.44,3523655.22457,157.44
2017-12-11 13:00:00,148.66,159.0,148.44,158.8,2904091.11704,158.8
2017-12-11 12:00:00,147.8,149.4,146.2,148.85,703750.329136,148.85
2017-12-11 11:00:00,147.15,150.3,146.52,147.8,1173934.25067,147.8
2017-12-11 10:00:00,149.11,149.3,146.2,147.08,955573.013737,147.08
2017-12-11 09:00:00,146.88,151.0,146.87,149.3,1575265.57305,149.3
2017-12-11 08:00:00,144.1,147.5,143.21,147.01,983266.070368,147.01
2017-12-11 07:00:00,140.0,147.72,140.0,143.92,1141497.13987,143.92
2017-12-11 06:00:00,140.49,144.32,139.13,139.67,545633.285333,139.67
2017-12-11 05:00:00,147.11,147.49,139.9,140.42,709078.160642,140.42
2017-12-11 04:00:00,150.65,150.65,146.5,147.43,469300.342542,147.43
2017-12-11 03:00:00,148.58,152.0,148.42,150.35,808593.848853,150.35
2017-12-11 02:00:00,151.62,152.23,145.2,148.59,1300216.65878,148.59
2017-12-11 01:00:00,146.17,151.99,143.65,151.64,2350154.51193,151.64
2017-12-11 00:00:00,138.6,147.26,137.54,146.05,1400728.49613,146.05
2017-12-10 23:00:00,136.67,141.98,135.6,138.32,1320986.91635,138.32
2017-12-10 22:00:00,141.31,141.5,136.01,136.95,1856125.7594,136.95
2017-12-10 21:00:00,134.25,145.0,134.02,141.0,2559543.38279,141.0
2017-12-10 20:00:00,133.0,135.0,131.5,134.13,717360.360876,134.13
2017-12-10 19:00:00,132.4,135.22,130.94,133.0,645289.855268,133.0
2017-12-10 18:00:00,133.62,136.0,131.34,132.21,1062019.68693,132.21
2017-12-10 17:00:00,131.97,134.87,129.14,133.7,712831.542592,133.7
2017-12-10 16:00:00,134.46,135.43,129.03,131.66,817463.39539,131.66
2017-12-10 15:00:00,135.9,136.6,131.2,133.98,895454.604467,133.98
2017-12-10 14:00:00,130.94,137.46,129.88,135.9,1348005.8257,135.9
2017-12-10 13:00:00,134.9,135.88,127.24,130.7,1078513.76813,130.7
2017-12-10 12:00:00,123.17,135.88,122.14,134.9,2758900.67837,134.9
2017-12-10 11:00:00,133.44,134.56,123.0,123.17,2255944.50219,123.17
2017-12-10 10:00:00,133.86,139.95,130.38,133.73,2610196.85668,133.73
2017-12-10 09:00:00,143.76,143.98,131.81,133.5,2043486.2904,133.5
2017-12-10 08:00:00,149.47,149.8,141.08,143.98,1308125.72461,143.98
2017-12-10 07:00:00,146.07,149.8,145.51,149.74,670719.984578,149.74
2017-12-10 06:00:00,144.99,149.33,144.77,146.39,949847.168269,146.39
2017-12-10 05:00:00,144.01,144.77,141.0,144.77,236264.344156,144.77
2017-12-10 04:00:00,140.57,144.72,140.51,144.71,337837.536099,144.71
2017-12-10 03:00:00,137.52,141.37,136.6,140.58,511408.283934,140.58
2017-12-10 02:00:00,133.87,140.75,133.37,138.04,1216813.8551,138.04
2017-12-10 01:00:00,140.05,140.58,128.2,133.49,1988744.30333,133.49
2017-12-10 00:00:00,146.18,150.0,136.0,140.05,4480734.88821,140.05
2017-12-09 23:00:00,147.85,148.51,143.03,146.0,1587941.22279,146.0
2017-12-09 22:00:00,150.64,150.99,145.0,148.0,1954686.14872,148.0
2017-12-09 21:00:00,143.0,151.96,142.27,150.77,2118622.68761,150.77
2017-12-09 20:00:00,140.95,146.35,140.25,143.0,1697304.9132,143.0
2017-12-09 19:00:00,135.22,143.58,132.0,140.95,2547322.59134,140.95
2017-12-09 18:00:00,146.04,149.99,134.0,135.22,4014239.08098,135.22
2017-12-09 17:00:00,150.21,154.44,142.34,146.55,2983703.45526,146.55
2017-12-09 16:00:00,146.6,154.0,146.6,150.5,4538600.82944,150.5
2017-12-09 15:00:00,143.0,149.3,141.0,146.34,1954567.88067,146.34
2017-12-09 14:00:00,145.0,145.0,137.44,143.0,3110717.60537,143.0
2017-12-09 13:00:00,147.5,150.44,141.0,145.0,7229189.0526,145.0
2017-12-09 12:00:00,137.46,147.77,134.0,147.59,4850326.0747,147.59
2017-12-09 11:00:00,133.29,138.78,132.63,137.5,2319958.40211,137.5
2017-12-09 10:00:00,130.07,137.58,130.07,133.27,2911541.1218,133.27
2017-12-09 09:00:00,125.5,133.0,124.85,130.14,3398140.26272,130.14
2017-12-09 08:00:00,119.55,126.0,119.1,125.5,1028162.01811,125.5
2017-12-09 07:00:00,120.49,122.91,118.5,119.56,803185.945554,119.56
2017-12-09 06:00:00,121.04,122.3,118.38,120.5,745050.831983,120.5
2017-12-09 05:00:00,125.78,126.76,118.78,120.88,1062772.87615,120.88
2017-12-09 04:00:00,121.2,128.27,121.2,125.71,722248.640829,125.71
2017-12-09 03:00:00,120.25,122.29,119.98,121.2,449013.809166,121.2
2017-12-09 02:00:00,117.27,123.39,117.27,120.45,942850.406993,120.45
2017-12-09 01:00:00,120.75,126.48,116.25,117.46,1996047.74477,117.46
2017-12-09 00:00:00,112.2,129.89,112.18,121.38,6475056.25186,121.38
2017-12-08 23:00:00,102.0,115.14,101.9,112.2,4559832.55682,112.2
2017-12-08 22:00:00,101.33,103.64,100.6,102.0,1469520.89497,102.0
2017-12-08 21:00:00,99.5,102.2,97.62,101.32,867997.778605,101.32
2017-12-08 20:00:00,96.84,99.82,96.66,99.8,688920.852517,99.8
2017-12-08 19:00:00,97.87,100.0,96.72,96.96,806116.621599,96.96
2017-12-08 18:00:00,95.4,98.3,94.84,97.82,605794.671754,97.82
2017-12-08 17:00:00,93.91,95.85,93.66,95.58,340966.158954,95.58
2017-12-08 16:00:00,93.16,94.99,93.16,93.91,304476.081457,93.91
2017-12-08 15:00:00,93.06,94.29,90.93,94.25,757567.403865,94.25
2017-12-08 14:00:00,92.2,94.0,90.91,92.78,337690.21645,92.78
2017-12-08 13:00:00,94.01,94.35,90.18,92.2,805962.242024,92.2
2017-12-08 12:00:00,93.8,94.58,92.6,94.2,530432.485925,94.2
2017-12-08 11:00:00,93.24,94.22,91.22,93.89,799240.653597,93.89
2017-12-08 10:00:00,92.9,94.48,90.11,93.14,836237.991567,93.14
2017-12-08 09:00:00,93.83,93.97,92.32,92.68,548031.415203,92.68
2017-12-08 08:00:00,93.65,98.0,92.46,93.45,1026295.11695,93.45
2017-12-08 07:00:00,93.09,93.87,92.19,93.72,536572.949993,93.72
2017-12-08 06:00:00,94.04,94.29,92.5,93.18,348562.172295,93.18
2017-12-08 05:00:00,95.12,95.43,93.0,93.84,217152.766868,93.84
2017-12-08 04:00:00,94.52,96.0,94.31,95.31,246612.74775,95.31
2017-12-08 03:00:00,90.24,95.65,90.0,94.51,472695.504864,94.51
2017-12-08 02:00:00,90.87,91.75,88.26,90.26,320171.218185,90.26
2017-12-08 01:00:00,89.25,92.59,88.22,90.87,418390.272209,90.87
2017-12-08 00:00:00,90.05,90.5,86.57,89.19,745693.952698,89.19
2017-12-07 23:00:00,93.21,93.65,89.01,90.05,802143.447224,90.05
2017-12-07 22:00:00,94.0,94.19,92.29,93.24,485016.180142,93.24
2017-12-07 21:00:00,93.09,96.0,92.78,94.01,493282.935948,94.01
2017-12-07 20:00:00,92.41,93.84,92.01,93.21,518074.542882,93.21
2017-12-07 19:00:00,91.62,93.48,90.25,92.33,675954.905286,92.33
2017-12-07 18:00:00,95.19,95.37,90.6,91.62,678784.82875,91.62
2017-12-07 17:00:00,96.52,96.96,95.01,95.23,457103.415528,95.23
2017-12-07 16:00:00,97.02,97.54,94.52,96.55,1107499.21603,96.55
2017-12-07 15:00:00,96.75,97.33,96.11,97.01,442226.177965,97.01
2017-12-07 14:00:00,97.29,98.29,96.58,96.75,618996.005091,96.75
2017-12-07 13:00:00,99.14,101.0,97.06,97.19,1114564.22659,97.19
2017-12-07 12:00:00,96.15,99.69,96.15,99.11,654641.360597,99.11
2017-12-07 11:00:00,96.28,97.2,95.75,96.26,596695.373322,96.26
2017-12-07 10:00:00,96.16,97.0,95.0,96.19,404696.636107,96.19
2017-12-07 09:00:00,94.29,96.27,93.41,96.21,526854.376753,96.21
2017-12-07 08:00:00,96.27,96.76,92.7,94.47,454163.320579,94.47
2017-12-07 07:00:00,94.28,97.0,92.8,96.07,548623.127488,96.07
2017-12-07 06:00:00,96.6,97.06,94.0,94.02,418583.955405,94.02
2017-12-07 05:00:00,96.44,97.11,95.65,96.74,272671.631224,96.74
2017-12-07 04:00:00,96.11,97.5,95.01,96.44,603483.61846,96.44
2017-12-07 03:00:00,99.31,99.53,96.1,96.16,306674.62081,96.16
2017-12-07 02:00:00,99.19,99.59,98.28,99.31,46738.983116,99.31
2017-12-07 01:00:00,97.76,99.01,97.25,98.88,111079.379854,98.88
2017-12-07 00:00:00,97.36,97.8,97.36,97.7,160438.088469,97.7
2017-12-06 23:00:00,98.74,98.74,97.0,97.43,362863.732491,97.43
2017-12-06 22:00:00,98.12,99.44,98.0,98.76,352456.826824,98.76
2017-12-06 21:00:00,97.85,98.6,97.0,98.2,549061.717629,98.2
2017-12-06 20:00:00,98.15,99.49,97.7,97.8,539496.817436,97.8
2017-12-06 19:00:00,100.34,100.36,96.58,98.16,1250017.78535,98.16
2017-12-06 18:00:00,100.69,101.18,100.0,100.34,470700.020435,100.34
2017-12-06 17:00:00,101.03,101.28,100.42,100.65,325414.355984,100.65
2017-12-06 16:00:00,101.74,101.78,100.8,100.85,668188.806614,100.85
2017-12-06 15:00:00,100.54,102.0,99.81,101.65,943551.013679,101.65
2017-12-06 14:00:00,100.71,101.19,100.24,100.62,736850.930282,100.62
2017-12-06 13:00:00,100.65,101.19,100.23,100.81,727233.993925,100.81
2017-12-06 12:00:00,100.65,101.35,100.34,100.64,549690.82486,100.64
2017-12-06 11:00:00,101.56,101.92,100.26,100.63,634830.728164,100.63
2017-12-06 10:00:00,102.0,102.82,101.33,101.57,1079941.94249,101.57
2017-12-06 09:00:00,101.53,102.17,100.19,102.0,803518.97211,102.0
2017-12-06 08:00:00,99.89,101.76,99.82,101.53,601593.521879,101.53
2017-12-06 07:00:00,100.64,100.86,99.43,99.89,491689.492514,99.89
2017-12-06 06:00:00,101.0,101.73,100.59,100.65,283803.625764,100.65
2017-12-06 05:00:00,100.76,101.21,100.63,100.7,679272.95253,100.7
2017-12-06 04:00:00,100.79,101.01,100.67,100.73,1376707.73242,100.73
2017-12-06 03:00:00,101.05,101.17,100.64,100.72,1338075.18274,100.72
2017-12-06 02:00:00,100.41,101.39,100.34,101.03,1758295.58791,101.03
2017-12-06 01:00:00,99.17,101.05,98.39,100.37,1806707.37267,100.37
2017-12-06 00:00:00,100.9,100.99,98.58,98.58,1851037.63957,98.58
2017-12-05 23:00:00,100.5,101.2,99.99,100.9,1707295.40027,100.9
2017-12-05 22:00:00,101.6,101.77,100.5,100.5,1774319.43368,100.5
2017-12-05 21:00:00,100.93,102.47,100.34,101.7,921674.990405,101.7
2017-12-05 20:00:00,100.94,101.19,99.9,100.93,516626.298767,100.93
2017-12-05 19:00:00,100.54,101.99,100.08,100.98,411299.796928,100.98
2017-12-05 18:00:00,101.1,101.33,99.66,100.53,514819.173237,100.53
2017-12-05 17:00:00,101.99,102.06,100.85,101.22,402936.823412,101.22
2017-12-05 16:00:00,102.92,102.97,101.5,101.84,444901.392959,101.84
2017-12-05 15:00:00,101.1,103.0,100.8,102.39,725467.658401,102.39
2017-12-05 14:00:00,100.34,101.49,100.23,101.14,493537.620794,101.14
2017-12-05 13:00:00,100.25,100.94,100.23,100.32,470819.417465,100.32
2017-12-05 12:00:00,101.66,101.66,99.7,100.28,503165.765603,100.28
2017-12-05 11:00:00,101.32,102.09,101.27,101.61,439027.706295,101.61
2017-12-05 10:00:00,101.14,102.48,101.14,101.4,585025.635957,101.4
2017-12-05 09:00:00,101.66,101.85,101.1,101.18,471890.491636,101.18
2017-12-05 08:00:00,102.63,103.0,101.09,101.58,593694.565166,101.58
2017-12-05 07:00:00,101.15,102.7,101.1,102.69,554524.509269,102.69
2017-12-05 06:00:00,100.98,101.3,100.37,101.15,384622.339935,101.15
2017-12-05 05:00:00,99.5,101.47,99.33,100.93,366881.669266,100.93
2017-12-05 04:00:00,97.92,100.0,97.79,99.78,679571.859273,99.78
2017-12-05 03:00:00,97.37,98.05,97.31,97.8,376125.450407,97.8
2017-12-05 02:00:00,97.34,97.71,96.8,97.32,317722.068282,97.32
2017-12-05 01:00:00,97.41,98.15,97.21,97.48,412128.538667,97.48
2017-12-05 00:00:00,97.57,97.99,97.21,97.36,280218.219983,97.36
2017-12-04 23:00:00,98.48,98.65,96.96,97.8,131553.521702,97.8
2017-12-04 22:00:00,97.69,98.59,97.34,98.59,446513.21463,98.59
2017-12-04 21:00:00,96.7,97.78,94.54,97.73,637901.290204,97.73
2017-12-04 20:00:00,95.64,97.48,95.1,96.67,757959.709522,96.67
2017-12-04 19:00:00,98.88,99.12,95.21,95.59,1002647.38589,95.59
2017-12-04 18:00:00,99.43,99.5,98.48,98.87,450188.338955,98.87
2017-12-04 17:00:00,100.27,100.36,99.42,99.42,356577.268597,99.42
2017-12-04 16:00:00,100.28,100.66,99.99,100.28,428061.050774,100.28
2017-12-04 15:00:00,99.52,100.28,99.07,100.28,439255.694425,100.28
2017-12-04 14:00:00,99.34,99.76,99.11,99.44,447307.162297,99.44
2017-12-04 13:00:00,100.24,100.28,99.07,99.39,414297.111733,99.39
2017-12-04 12:00:00,99.79,100.77,99.53,100.25,450822.767122,100.25
2017-12-04 11:00:00,99.21,100.11,99.21,99.79,457570.877242,99.79
2017-12-04 10:00:00,100.23,100.86,98.93,99.14,302482.556689,99.14
2017-12-04 09:00:00,100.12,101.0,99.68,100.24,283147.413215,100.24
2017-12-04 08:00:00,100.21,101.3,99.71,99.99,319540.949432,99.99
2017-12-04 07:00:00,99.76,100.62,98.69,100.16,353592.874067,100.16
2017-12-04 06:00:00,98.22,100.63,96.1,99.7,492371.163859,99.7
2017-12-04 05:00:00,101.42,102.01,97.13,98.22,1222924.25886,98.22
2017-12-04 04:00:00,103.3,105.71,100.02,101.41,1228528.81774,101.41
2017-12-04 03:00:00,102.7,103.64,102.67,103.32,220810.931122,103.32
2017-12-04 02:00:00,102.67,102.86,102.1,102.63,198080.973841,102.63
2017-12-04 01:00:00,102.42,103.26,102.23,102.68,217618.307312,102.68
2017-12-04 00:00:00,103.05,103.86,102.13,102.35,379289.396247,102.35
2017-12-03 23:00:00,102.99,103.58,102.76,103.03,396873.803803,103.03
2017-12-03 22:00:00,102.22,103.24,102.02,102.99,409805.933281,102.99
2017-12-03 21:00:00,102.4,102.95,102.0,102.37,319965.177413,102.37
2017-12-03 20:00:00,102.09,103.0,101.7,102.41,554027.974409,102.41
2017-12-03 19:00:00,99.7,102.8,99.7,102.09,652157.800971,102.09
2017-12-03 18:00:00,99.44,99.79,99.34,99.71,189244.490722,99.71
2017-12-03 17:00:00,99.67,99.81,99.05,99.42,136388.608356,99.42
2017-12-03 16:00:00,99.17,99.98,98.92,99.66,156002.957788,99.66
2017-12-03 15:00:00,99.83,100.68,98.51,99.11,309891.304094,99.11
2017-12-03 14:00:00,99.68,99.91,99.19,99.76,155506.966855,99.76
2017-12-03 13:00:00,99.85,99.88,98.87,99.68,251914.497941,99.68
2017-12-03 12:00:00,99.55,100.46,99.03,100.05,330653.952174,100.05
2017-12-03 11:00:00,97.64,100.02,97.46,99.54,759073.904704,99.54
2017-12-03 10:00:00,98.43,98.75,97.46,97.65,290701.108744,97.65
2017-12-03 09:00:00,98.73,98.98,98.0,98.47,210315.065024,98.47
2017-12-03 08:00:00,99.0,99.83,98.5,98.76,261046.869041,98.76
2017-12-03 07:00:00,99.74,99.93,98.1,98.99,275114.703978,98.99
2017-12-03 06:00:00,100.5,100.5,99.53,99.75,110876.254258,99.75
2017-12-03 05:00:00,99.85,100.79,99.72,100.5,142117.988667,100.5
2017-12-03 04:00:00,99.84,100.13,99.3,99.71,105714.087247,99.71
2017-12-03 03:00:00,101.0,101.0,99.68,99.82,161714.161476,99.82
2017-12-03 02:00:00,99.34,101.3,99.33,100.7,382785.902515,100.7
2017-12-03 01:00:00,97.69,99.77,97.52,99.31,172214.662587,99.31
2017-12-03 00:00:00,96.41,97.77,96.0,97.72,352115.664807,97.72
2017-12-02 23:00:00,98.25,98.5,96.21,96.21,402635.082901,96.21
2017-12-02 22:00:00,99.37,99.97,97.0,98.1,402574.475593,98.1
2017-12-02 21:00:00,100.32,101.07,99.32,99.44,561219.108585,99.44
2017-12-02 20:00:00,98.46,100.45,98.46,100.32,460201.853371,100.32
2017-12-02 19:00:00,99.66,100.03,96.22,98.46,994071.520101,98.46
2017-12-02 18:00:00,101.1,101.45,99.34,99.83,391030.657046,99.83
2017-12-02 17:00:00,101.0,102.17,100.65,101.08,512848.868392,101.08
2017-12-02 16:00:00,102.19,102.19,100.33,100.8,909335.4428,100.8
2017-12-02 15:00:00,101.75,102.74,100.16,102.19,876255.619705,102.19
2017-12-02 14:00:00,98.7,102.56,98.65,101.68,1656251.07817,101.68
2017-12-02 13:00:00,97.73,98.67,97.21,98.56,429473.119934,98.56
2017-12-02 12:00:00,98.72,99.17,96.58,97.73,558645.613028,97.73
2017-12-02 11:00:00,98.8,98.98,97.61,98.79,367714.58374,98.79
2017-12-02 10:00:00,98.78,99.0,97.13,98.87,453817.535428,98.87
2017-12-02 09:00:00,97.6,99.89,97.43,98.78,586005.131089,98.78
2017-12-02 08:00:00,96.33,98.23,96.15,97.51,397991.707703,97.51
2017-12-02 07:00:00,96.7,96.7,94.55,96.34,521136.835266,96.34
2017-12-02 06:00:00,97.55,98.53,95.3,96.67,302554.201721,96.67
2017-12-02 05:00:00,96.94,98.52,96.89,97.84,310981.759977,97.84
2017-12-02 04:00:00,95.94,97.56,95.58,96.9,313692.380883,96.9
2017-12-02 03:00:00,92.74,96.56,92.74,95.86,781472.310807,95.86
2017-12-02 02:00:00,91.79,93.0,91.7,92.7,201040.254067,92.7
2017-12-02 01:00:00,91.52,92.26,90.99,91.5,397925.590028,91.5
2017-12-02 00:00:00,91.17,91.7,89.77,91.58,417697.74977,91.58
2017-12-01 23:00:00,88.33,91.62,88.14,91.17,579140.276524,91.17
2017-12-01 22:00:00,90.55,90.92,88.03,88.33,525864.742355,88.33
2017-12-01 21:00:00,87.39,90.78,87.01,90.6,788475.369177,90.6
2017-12-01 20:00:00,85.49,89.33,85.49,87.3,575350.650198,87.3
2017-12-01 19:00:00,84.09,85.71,84.09,85.48,205208.10144,85.48
2017-12-01 18:00:00,85.74,85.83,83.8,84.32,248900.639198,84.32
2017-12-01 17:00:00,84.14,87.0,83.09,85.74,610988.451864,85.74
2017-12-01 16:00:00,82.15,84.5,82.1,84.2,261924.944038,84.2
2017-12-01 15:00:00,81.9,82.26,80.95,82.15,585421.708657,82.15
2017-12-01 14:00:00,81.8,83.44,81.73,81.9,570765.712071,81.9
2017-12-01 13:00:00,84.47,84.48,81.24,81.74,538777.699226,81.74
2017-12-01 12:00:00,83.53,84.5,83.17,84.42,480728.891961,84.42
2017-12-01 11:00:00,84.0,84.05,82.55,83.52,294279.371416,83.52
2017-12-01 10:00:00,83.48,84.0,82.4,84.0,261583.079976,84.0
2017-12-01 09:00:00,83.22,83.84,82.43,83.6,394184.052502,83.6
2017-12-01 08:00:00,84.71,85.5,83.1,83.38,683966.354642,83.38
2017-12-01 07:00:00,85.16,87.0,84.85,84.98,560436.461578,84.98
2017-12-01 06:00:00,83.09,85.3,83.04,85.16,261529.357199,85.16
2017-12-01 05:00:00,81.32,83.33,81.23,83.09,120889.084739,83.09
2017-12-01 04:00:00,82.7,82.83,80.12,81.32,245974.64626,81.32
2017-12-01 03:00:00,79.93,82.9,79.93,82.79,378047.885195,82.79
2017-12-01 02:00:00,79.54,80.5,79.0,79.93,192302.460494,79.93
2017-12-01 01:00:00,77.57,79.55,76.5,79.55,179354.386228,79.55
2017-12-01 00:00:00,76.83,78.32,76.09,77.57,195919.418437,77.57
2017-11-30 23:00:00,79.68,79.84,75.51,76.85,385874.979144,76.85
2017-11-30 22:00:00,76.51,79.95,75.02,79.52,1042775.7093,79.52
2017-11-30 21:00:00,82.95,83.05,74.5,76.71,1256783.96724,76.71
2017-11-30 20:00:00,82.32,85.01,80.5,82.95,605914.114746,82.95
2017-11-30 19:00:00,80.28,82.86,80.0,82.51,1068523.3931,82.51
2017-11-30 18:00:00,86.42,86.61,80.23,80.23,1495327.05196,80.23
2017-11-30 17:00:00,87.8,88.06,86.0,86.39,411594.936254,86.39
2017-11-30 16:00:00,87.97,88.71,86.1,87.85,259575.146138,87.85
2017-11-30 15:00:00,87.15,91.1,86.32,87.97,832970.930938,87.97
2017-11-30 14:00:00,87.39,87.99,84.16,87.15,1053087.51675,87.15
2017-11-30 13:00:00,90.36,91.05,86.15,87.17,523982.631213,87.17
2017-11-30 12:00:00,89.28,91.32,89.19,90.38,426267.333053,90.38
2017-11-30 11:00:00,88.99,89.55,88.22,89.24,315292.963018,89.24
2017-11-30 10:00:00,90.21,90.27,87.53,89.04,444532.028327,89.04
2017-11-30 09:00:00,88.16,90.93,87.75,90.15,544461.279502,90.15
2017-11-30 08:00:00,85.21,88.99,85.1,88.09,618007.310844,88.09
2017-11-30 07:00:00,87.1,88.5,82.03,85.2,631686.892178,85.2
2017-11-30 06:00:00,87.36,89.9,86.8,87.1,190517.928948,87.1
2017-11-30 05:00:00,86.48,89.45,86.01,86.91,38988.7531798,86.91
2017-11-30 04:00:00,83.15,89.5,83.01,86.48,435335.140505,86.48
2017-11-30 03:00:00,96.0,96.0,81.69,83.2,2223050.67698,83.2
2017-11-30 02:00:00,98.07,98.26,95.91,96.0,305540.553588,96.0
2017-11-30 01:00:00,99.02,99.48,96.5,97.27,490448.759768,97.27
2017-11-30 00:00:00,99.4,100.4,98.5,98.93,580765.211926,98.93
2017-11-29 23:00:00,100.52,101.77,97.0,99.34,1451368.25206,99.34
2017-11-29 22:00:00,101.66,101.8,99.0,100.5,881239.705822,100.5
2017-11-29 21:00:00,100.28,101.88,98.58,101.67,1733702.00956,101.67
2017-11-29 20:00:00,98.48,100.44,98.0,100.28,1242013.69982,100.28
2017-11-29 19:00:00,97.4,99.6,97.14,98.43,823194.900669,98.43
2017-11-29 18:00:00,96.15,97.46,96.06,97.42,224455.834063,97.42
2017-11-29 17:00:00,96.8,97.82,96.13,96.15,447436.040672,96.15
2017-11-29 16:00:00,95.96,97.0,95.92,96.8,416290.750545,96.8
2017-11-29 15:00:00,94.68,96.2,94.54,96.0,437216.107659,96.0
2017-11-29 14:00:00,94.0,96.42,93.14,94.69,1215729.60216,94.69
2017-11-29 13:00:00,97.1,97.34,94.1,94.1,1173285.34142,94.1
2017-11-29 12:00:00,96.8,97.82,95.77,97.31,661884.904104,97.31
2017-11-29 11:00:00,98.3,98.32,96.0,96.81,1227599.5023,96.81
2017-11-29 10:00:00,98.14,99.8,98.1,98.3,2474887.68103,98.3
2017-11-29 09:00:00,94.39,98.3,94.24,98.14,1668698.05129,98.14
2017-11-29 08:00:00,94.65,95.0,94.0,94.45,721243.512658,94.45
2017-11-29 07:00:00,92.94,94.99,92.79,94.6,628466.417927,94.6
2017-11-29 06:00:00,93.02,93.1,92.67,92.97,357401.578948,92.97
2017-11-29 05:00:00,93.08,93.28,92.97,93.05,351301.209559,93.05
2017-11-29 04:00:00,93.48,93.84,93.05,93.1,103102.204319,93.1
2017-11-29 03:00:00,93.78,94.66,93.3,93.48,528357.023212,93.48
2017-11-29 02:00:00,91.96,93.83,91.92,93.71,537013.76573,93.71
2017-11-29 01:00:00,91.9,92.31,91.73,91.98,435729.117914,91.98
2017-11-29 00:00:00,91.65,92.16,91.13,91.9,286919.027673,91.9
2017-11-28 23:00:00,91.64,91.89,91.2,91.64,468871.778934,91.64
2017-11-28 22:00:00,90.35,91.8,90.32,91.55,491453.55744,91.55
2017-11-28 21:00:00,89.91,91.16,89.0,90.31,956534.286961,90.31
2017-11-28 20:00:00,92.0,92.0,89.62,89.87,738898.175511,89.87
2017-11-28 19:00:00,91.23,92.14,91.08,92.04,639020.971882,92.04
2017-11-28 18:00:00,91.39,91.64,90.81,91.15,456955.771545,91.15
2017-11-28 17:00:00,91.48,91.7,91.22,91.38,398987.322694,91.38
2017-11-28 16:00:00,92.36,92.36,90.79,91.44,747564.59219,91.44
2017-11-28 15:00:00,92.08,92.52,91.74,92.49,451070.045892,92.49
2017-11-28 14:00:00,92.04,92.61,91.39,92.08,656097.780273,92.08
2017-11-28 13:00:00,93.55,93.73,91.61,92.0,602552.327623,92.0
2017-11-28 12:00:00,91.46,93.87,91.45,93.55,1246510.13105,93.55
2017-11-28 11:00:00,89.83,91.49,89.58,91.45,878096.467648,91.45
2017-11-28 10:00:00,88.9,89.89,88.88,89.85,569227.178143,89.85
2017-11-28 09:00:00,89.96,90.2,88.35,88.9,553532.167872,88.9
2017-11-28 08:00:00,90.51,90.98,89.8,89.93,524746.453893,89.93
2017-11-28 07:00:00,89.71,90.51,89.56,90.51,341136.918356,90.51
2017-11-28 06:00:00,89.39,89.77,89.22,89.69,100138.563511,89.69
2017-11-28 05:00:00,89.02,89.5,88.99,89.5,86186.490149,89.5
2017-11-28 04:00:00,88.23,89.0,88.02,88.97,51305.75514,88.97
2017-11-28 03:00:00,88.82,88.88,88.11,88.2,29588.139861,88.2
2017-11-28 02:00:00,88.53,89.0,88.38,88.81,115320.331591,88.81
2017-11-28 01:00:00,88.86,88.9,87.02,88.31,336681.063063,88.31
2017-11-28 00:00:00,90.28,90.5,88.65,88.92,548587.915746,88.92
2017-11-27 23:00:00,90.13,90.5,89.85,90.28,552184.484776,90.28
2017-11-27 22:00:00,88.5,90.15,88.5,90.14,515274.388307,90.14
2017-11-27 21:00:00,88.52,88.79,87.17,88.46,418949.114666,88.46
2017-11-27 20:00:00,88.9,89.23,87.81,88.53,420761.434021,88.53
2017-11-27 19:00:00,88.53,88.99,87.95,88.99,472153.241468,88.99
2017-11-27 18:00:00,85.91,88.58,84.8,88.5,880630.989544,88.5
2017-11-27 17:00:00,90.92,90.97,84.88,86.0,1959340.19826,86.0
2017-11-27 16:00:00,91.55,91.55,90.41,90.92,462428.749239,90.92
2017-11-27 15:00:00,91.75,91.97,91.08,91.51,407535.847622,91.51
2017-11-27 14:00:00,90.29,91.75,90.21,91.66,518747.828027,91.66
2017-11-27 13:00:00,89.86,90.5,89.69,90.28,636517.460935,90.28
2017-11-27 12:00:00,89.06,91.92,89.03,89.84,2091493.59807,89.84
2017-11-27 11:00:00,85.89,89.09,85.73,89.09,847199.014274,89.09
2017-11-27 10:00:00,86.27,86.27,85.22,85.71,657844.246911,85.71
2017-11-27 09:00:00,85.62,86.45,85.53,86.26,474958.960447,86.26
2017-11-27 08:00:00,84.56,85.76,84.53,85.62,537618.543708,85.62
2017-11-27 07:00:00,84.63,84.85,84.1,84.5,497347.519493,84.5
2017-11-27 06:00:00,84.94,85.34,84.55,84.69,237002.065671,84.69
2017-11-27 05:00:00,84.17,85.34,84.03,84.78,133860.454148,84.78
2017-11-27 04:00:00,83.94,84.23,83.9,84.23,157479.642537,84.23
2017-11-27 03:00:00,84.05,84.59,83.5,83.93,447425.759789,83.93
2017-11-27 02:00:00,84.87,85.03,83.99,83.99,406193.089522,83.99
2017-11-27 01:00:00,84.03,85.32,84.0,84.87,414601.402403,84.87
2017-11-27 00:00:00,84.99,85.05,84.01,84.01,435091.886403,84.01
2017-11-26 23:00:00,85.25,85.6,84.91,84.98,424166.347077,84.98
2017-11-26 22:00:00,85.57,85.57,85.1,85.27,306955.962697,85.27
2017-11-26 21:00:00,85.77,86.27,85.1,85.57,421125.423359,85.57
2017-11-26 20:00:00,86.57,86.6,85.19,85.75,525899.684651,85.75
2017-11-26 19:00:00,85.76,86.6,85.75,86.57,526165.843939,86.57
2017-11-26 18:00:00,85.39,85.74,85.06,85.74,341276.773686,85.74
2017-11-26 17:00:00,85.43,85.84,84.49,85.34,379861.177866,85.34
2017-11-26 16:00:00,83.95,85.72,83.85,85.33,446168.145147,85.33
2017-11-26 15:00:00,83.18,84.26,82.5,83.9,615705.335678,83.9
2017-11-26 14:00:00,84.54,84.72,82.87,83.29,631751.605797,83.29
2017-11-26 13:00:00,84.05,84.59,83.66,84.55,605726.566055,84.55
2017-11-26 12:00:00,85.85,86.23,83.71,84.06,500307.546958,84.06
2017-11-26 11:00:00,86.18,87.06,85.75,85.9,408074.795537,85.9
2017-11-26 10:00:00,85.82,87.03,85.76,86.18,511772.80426,86.18
2017-11-26 09:00:00,85.12,86.61,84.5,85.94,702135.50627,85.94
2017-11-26 08:00:00,87.59,87.84,85.0,85.11,1030440.23038,85.11
2017-11-26 07:00:00,86.5,88.45,86.25,87.58,685689.260919,87.58
2017-11-26 06:00:00,84.92,87.98,84.77,86.49,842389.585047,86.49
2017-11-26 05:00:00,84.5,84.92,84.19,84.92,345069.901943,84.92
2017-11-26 04:00:00,83.8,84.63,83.8,84.51,300835.497006,84.51
2017-11-26 03:00:00,82.93,83.84,82.92,83.76,267888.557202,83.76
2017-11-26 02:00:00,83.65,84.06,82.91,82.91,296892.943803,82.91
2017-11-26 01:00:00,84.64,84.86,83.4,83.64,679483.481071,83.64
2017-11-26 00:00:00,82.93,84.68,82.6,84.68,609072.081839,84.68
2017-11-25 23:00:00,82.88,83.23,82.52,82.99,428942.587563,82.99
2017-11-25 22:00:00,83.21,83.57,82.04,82.84,942201.168531,82.84
2017-11-25 21:00:00,80.01,83.21,80.01,83.21,1141776.23633,83.21
2017-11-25 20:00:00,81.0,81.99,80.0,80.01,1205553.61396,80.01
2017-11-25 19:00:00,78.7,81.2,78.7,81.0,1157199.2881,81.0
2017-11-25 18:00:00,77.99,78.97,77.91,78.72,389432.088431,78.72
2017-11-25 17:00:00,77.83,78.39,77.83,77.98,407902.389382,77.98
2017-11-25 16:00:00,78.5,78.71,77.01,77.9,814439.794649,77.9
2017-11-25 15:00:00,79.02,79.25,78.36,78.52,266048.20285,78.52
2017-11-25 14:00:00,79.27,79.4,78.89,79.03,339908.117469,79.03
2017-11-25 13:00:00,78.83,79.5,78.56,79.21,291383.23826,79.21
2017-11-25 12:00:00,78.54,78.83,78.01,78.75,354467.17814,78.75
2017-11-25 11:00:00,78.44,79.0,78.26,78.47,335102.77747,78.47
2017-11-25 10:00:00,78.22,78.55,77.2,78.48,493247.329973,78.48
2017-11-25 09:00:00,79.29,79.74,78.06,78.2,705717.521479,78.2
2017-11-25 08:00:00,77.5,79.48,76.82,79.23,1226716.54425,79.23
2017-11-25 07:00:00,75.74,77.65,75.74,77.5,552567.886342,77.5
2017-11-25 06:00:00,75.68,76.34,75.54,75.74,38241.516185,75.74
2017-11-25 05:00:00,75.78,76.16,75.68,75.68,20236.72545,75.68
2017-11-25 04:00:00,75.58,75.89,75.58,75.7,29540.925223,75.7
2017-11-25 03:00:00,75.43,75.63,75.22,75.62,224897.284996,75.62
2017-11-25 02:00:00,76.06,76.1,75.25,75.43,262130.475472,75.43
2017-11-25 01:00:00,75.56,76.68,75.56,76.06,402381.777999,76.06
2017-11-25 00:00:00,75.47,75.79,74.8,75.54,511884.657227,75.54
2017-11-24 23:00:00,75.31,76.24,75.21,75.38,312633.074425,75.38
2017-11-24 22:00:00,75.72,76.03,74.8,75.26,573246.871575,75.26
2017-11-24 21:00:00,73.87,77.7,73.77,75.6,1438173.23109,75.6
2017-11-24 20:00:00,73.3,74.03,73.18,73.79,324398.776825,73.79
2017-11-24 19:00:00,73.92,74.35,73.27,73.3,359858.993485,73.3
2017-11-24 18:00:00,73.05,73.96,73.0,73.93,502543.650409,73.93
2017-11-24 17:00:00,73.83,73.94,71.69,73.02,830063.918314,73.02
2017-11-24 16:00:00,73.55,74.39,73.43,73.68,501025.43185,73.68
2017-11-24 15:00:00,73.72,74.29,73.43,73.55,323102.894691,73.55
2017-11-24 14:00:00,73.72,73.94,73.38,73.73,408826.85521,73.73
2017-11-24 13:00:00,73.9,74.0,73.25,73.72,298489.192476,73.72
2017-11-24 12:00:00,74.19,74.22,73.5,73.87,200806.838495,73.87
2017-11-24 11:00:00,74.08,74.59,73.06,74.2,464617.127593,74.2
2017-11-24 10:00:00,73.32,74.22,73.13,74.08,401478.905879,74.08
2017-11-24 09:00:00,73.13,73.5,72.39,73.34,493314.078226,73.34
2017-11-24 08:00:00,73.18,74.26,72.9,73.12,472440.704336,73.12
2017-11-24 07:00:00,74.89,74.95,73.02,73.24,358714.965646,73.24
2017-11-24 06:00:00,75.05,75.05,74.77,74.95,256088.88612,74.95
2017-11-24 05:00:00,75.75,75.75,74.8,75.06,264997.911389,75.06
2017-11-24 04:00:00,75.5,75.87,75.33,75.75,238026.602353,75.75
2017-11-24 03:00:00,76.22,76.32,75.47,75.57,241027.400743,75.57
2017-11-24 02:00:00,76.05,76.71,76.01,76.22,228718.424286,76.22
2017-11-24 01:00:00,76.26,76.78,75.92,76.1,530201.260095,76.1
2017-11-24 00:00:00,76.15,76.3,75.13,76.24,582056.979489,76.24
2017-11-23 23:00:00,75.96,77.18,75.9,76.09,1035761.03517,76.09
2017-11-23 22:00:00,74.32,76.0,73.89,75.71,793426.522802,75.71
2017-11-23 21:00:00,74.71,75.41,73.78,74.15,593198.3628,74.15
2017-11-23 20:00:00,74.11,75.88,72.99,74.67,1266395.81203,74.67
2017-11-23 19:00:00,71.27,74.26,71.25,74.12,1002415.39798,74.12
2017-11-23 18:00:00,71.25,71.39,71.0,71.2,399020.856866,71.2
2017-11-23 17:00:00,71.1,71.32,71.07,71.24,316180.32657,71.24
2017-11-23 16:00:00,71.0,71.32,70.8,71.1,378750.88159,71.1
2017-11-23 15:00:00,71.77,71.9,71.0,71.0,372428.862164,71.0
2017-11-23 14:00:00,71.79,71.89,71.48,71.82,464873.705481,71.82
2017-11-23 13:00:00,71.38,72.15,71.38,71.78,439722.487175,71.78
2017-11-23 12:00:00,71.16,71.4,71.02,71.35,394909.623738,71.35
2017-11-23 11:00:00,71.58,71.67,71.0,71.13,459246.748524,71.13
2017-11-23 10:00:00,71.01,71.7,70.92,71.54,345952.562771,71.54
2017-11-23 09:00:00,72.03,72.2,70.93,71.03,369505.603763,71.03
2017-11-23 08:00:00,71.65,72.28,71.54,72.0,116079.199423,72.0
2017-11-23 07:00:00,71.58,71.74,71.46,71.63,46465.501204,71.63
2017-11-23 06:00:00,71.12,71.84,71.01,71.7,66361.876067,71.7
2017-11-23 05:00:00,70.82,71.22,70.82,70.99,8650.373415,70.99
2017-11-23 04:00:00,70.99,71.01,70.76,70.79,11877.698608,70.79
2017-11-23 03:00:00,71.14,71.24,70.98,71.05,16724.102956,71.05
2017-11-23 02:00:00,70.74,71.15,70.41,71.12,30031.779665,71.12
2017-11-23 01:00:00,70.95,71.14,70.49,70.76,71952.337427,70.76
2017-11-23 00:00:00,70.79,71.0,70.55,71.0,51942.925656,71.0
2017-11-22 23:00:00,70.39,70.99,70.13,70.92,99806.319204,70.92
2017-11-22 22:00:00,70.17,70.53,69.3,70.37,255832.777468,70.37
2017-11-22 21:00:00,70.87,71.13,69.98,70.2,256843.824793,70.2
2017-11-22 20:00:00,71.21,71.5,70.85,70.88,84838.694005,70.88
2017-11-22 19:00:00,71.49,71.89,70.51,71.21,152208.602871,71.21
2017-11-22 18:00:00,71.67,71.77,70.51,71.41,124653.746326,71.41
2017-11-22 17:00:00,71.1,71.87,71.0,71.67,95457.81019,71.67
2017-11-22 16:00:00,70.72,71.14,70.72,71.1,71704.931917,71.1
2017-11-22 15:00:00,70.6,70.8,70.54,70.8,61668.05257,70.8
2017-11-22 14:00:00,70.44,70.78,70.27,70.64,115133.140855,70.64
2017-11-22 13:00:00,70.34,70.5,69.95,70.36,333162.614966,70.36
2017-11-22 12:00:00,70.66,70.92,70.0,70.32,104859.398418,70.32
2017-11-22 11:00:00,70.58,70.67,70.25,70.66,53577.5338209,70.66
2017-11-22 10:00:00,70.38,70.99,70.13,70.6,102150.25033,70.6
2017-11-22 09:00:00,70.66,70.89,70.16,70.41,76256.547522,70.41
2017-11-22 08:00:00,70.0,71.05,69.95,70.66,75905.023041,70.66
2017-11-22 07:00:00,69.85,70.17,69.69,70.0,53030.1217581,70.0
2017-11-22 06:00:00,70.61,70.81,69.75,69.86,74715.452726,69.86
2017-11-22 05:00:00,70.46,70.82,70.38,70.78,40858.856888,70.78
2017-11-22 04:00:00,70.56,70.96,70.32,70.46,24222.259596,70.46
2017-11-22 03:00:00,71.28,71.66,70.65,70.68,40770.469446,70.68
2017-11-22 02:00:00,71.36,71.8,71.15,71.27,46279.414341,71.27
2017-11-22 01:00:00,70.99,71.61,70.96,71.39,65791.508951,71.39
2017-11-22 00:00:00,71.77,71.8,70.79,70.97,191228.020249,70.97
2017-11-21 23:00:00,72.0,72.1,71.53,71.78,163515.718711,71.78
2017-11-21 22:00:00,70.95,72.05,70.8,72.0,179284.56051,72.0
2017-11-21 21:00:00,71.03,71.26,70.9,71.03,74024.8753232,71.03
2017-11-21 20:00:00,70.99,71.37,70.98,71.16,60308.606453,71.16
2017-11-21 19:00:00,70.74,71.14,70.67,70.97,85586.282696,70.97
2017-11-21 18:00:00,70.82,70.83,70.61,70.73,71988.619877,70.73
2017-11-21 17:00:00,70.54,70.93,70.33,70.84,225262.754972,70.84
2017-11-21 16:00:00,70.62,70.86,70.51,70.58,73243.6888225,70.58
2017-11-21 15:00:00,70.02,70.69,69.98,70.57,147817.345545,70.57
2017-11-21 14:00:00,70.2,70.49,69.88,70.01,203192.10511,70.01
2017-11-21 13:00:00,68.73,70.21,68.51,70.21,256594.766157,70.21
2017-11-21 12:00:00,68.42,70.41,68.42,68.61,421859.475518,68.61
2017-11-21 11:00:00,71.36,71.47,68.0,68.41,791235.370463,68.41
2017-11-21 10:00:00,72.25,72.43,71.0,71.2,241979.5262,71.2
2017-11-21 09:00:00,72.5,72.5,72.0,72.25,48879.709761,72.25
2017-11-21 08:00:00,71.99,72.5,71.51,72.5,149725.778074,72.5
2017-11-21 07:00:00,72.62,72.62,71.81,71.99,139778.766494,71.99
2017-11-21 06:00:00,72.64,72.93,72.39,72.57,35981.737211,72.57
2017-11-21 05:00:00,72.56,72.79,72.34,72.67,59613.047959,72.67
2017-11-21 04:00:00,72.1,72.66,71.83,72.62,31896.375586,72.62
2017-11-21 03:00:00,71.93,72.27,71.91,72.1,29952.3068482,72.1
2017-11-21 02:00:00,71.97,72.11,71.61,71.89,56281.576347,71.89
2017-11-21 01:00:00,71.78,72.16,71.71,71.92,32470.545443,71.92
2017-11-21 00:00:00,71.75,72.2,71.7,71.78,103755.485804,71.78
2017-11-20 23:00:00,71.8,72.0,71.55,71.73,132680.908516,71.73
2017-11-20 22:00:00,71.21,72.0,71.17,71.8,292314.941939,71.8
2017-11-20 21:00:00,71.21,71.65,71.0,71.2,207635.53457,71.2
2017-11-20 20:00:00,71.61,71.9,70.18,71.19,346044.377146,71.19
2017-11-20 19:00:00,71.2,71.74,71.08,71.61,154739.190184,71.61
2017-11-20 18:00:00,70.62,71.26,70.33,71.26,159339.23779,71.26
2017-11-20 17:00:00,71.29,71.49,70.51,70.61,171120.892833,70.61
2017-11-20 16:00:00,71.24,71.54,70.51,71.33,128856.346766,71.33
2017-11-20 15:00:00,71.62,71.7,70.88,71.21,163707.482517,71.21
2017-11-20 14:00:00,71.72,71.94,71.5,71.63,105053.988066,71.63
2017-11-20 13:00:00,72.23,72.3,71.71,71.73,114758.776272,71.73
2017-11-20 12:00:00,72.35,72.6,72.05,72.25,110807.283983,72.25
2017-11-20 11:00:00,72.75,72.77,71.7,72.33,143127.922812,72.33
2017-11-20 10:00:00,72.5,73.91,72.23,72.77,325089.974205,72.77
2017-11-20 09:00:00,71.78,72.5,71.76,72.33,149660.557435,72.33
2017-11-20 08:00:00,71.49,71.84,71.17,71.79,71509.630511,71.79
2017-11-20 07:00:00,71.43,71.85,71.18,71.46,59390.155037,71.46
2017-11-20 06:00:00,70.84,71.5,70.5,71.43,43033.983408,71.43
2017-11-20 05:00:00,70.58,71.56,70.44,70.81,31458.461278,70.81
2017-11-20 04:00:00,70.74,71.13,70.26,70.58,68541.849351,70.58
2017-11-20 03:00:00,71.08,71.5,70.73,70.73,53761.838437,70.73
2017-11-20 02:00:00,70.93,71.08,69.58,71.08,188946.16898,71.08
2017-11-20 01:00:00,71.8,75.0,70.49,70.85,891902.458975,70.85
2017-11-20 00:00:00,70.84,71.88,70.77,71.78,86453.161253,71.78
2017-11-19 23:00:00,71.59,71.62,70.56,70.88,249469.569869,70.88
2017-11-19 22:00:00,70.72,71.68,70.55,71.58,164663.323427,71.58
2017-11-19 21:00:00,69.73,70.88,69.5,70.72,193971.298802,70.72
2017-11-19 20:00:00,70.77,70.97,69.5,69.74,193250.477715,69.74
2017-11-19 19:00:00,71.7,72.15,70.5,70.74,407055.774173,70.74
2017-11-19 18:00:00,69.62,72.0,69.62,71.73,613063.566865,71.73
2017-11-19 17:00:00,69.06,70.5,68.87,69.6,421725.058756,69.6
2017-11-19 16:00:00,68.46,69.69,68.43,69.06,170197.744319,69.06
2017-11-19 15:00:00,68.8,68.9,68.08,68.46,120186.894168,68.46
2017-11-19 14:00:00,68.51,69.0,68.39,68.66,204730.191556,68.66
2017-11-19 13:00:00,68.37,68.52,68.22,68.52,35029.106288,68.52
2017-11-19 12:00:00,68.34,68.67,68.28,68.37,45332.2620131,68.37
2017-11-19 11:00:00,68.0,68.99,67.93,68.35,75446.415867,68.35
2017-11-19 10:00:00,68.56,68.56,67.8,68.0,113113.49988,68.0
2017-11-19 09:00:00,68.55,68.89,68.46,68.56,125433.426465,68.56
2017-11-19 08:00:00,69.51,69.51,68.37,68.55,107073.984413,68.55
2017-11-19 07:00:00,68.54,69.8,67.85,69.43,180586.105731,69.43
2017-11-19 06:00:00,67.55,68.57,67.55,68.45,72222.5169966,68.45
2017-11-19 05:00:00,67.59,68.0,67.53,67.64,102485.282896,67.64
2017-11-19 04:00:00,67.43,67.7,67.41,67.63,10155.746858,67.63
2017-11-19 03:00:00,67.66,67.74,67.29,67.4,46863.07851,67.4
2017-11-19 02:00:00,67.37,67.89,67.37,67.74,58299.396915,67.74
2017-11-19 01:00:00,67.01,67.65,66.81,67.28,124323.77271,67.28
2017-11-19 00:00:00,66.87,67.12,66.7,67.0,95562.505002,67.0
2017-11-18 23:00:00,66.99,67.22,66.67,66.85,124640.445913,66.85
2017-11-18 22:00:00,66.68,67.04,66.0,66.99,210030.1693,66.99
2017-11-18 21:00:00,67.04,67.19,66.62,66.62,60090.847851,66.62
2017-11-18 20:00:00,66.81,67.23,66.76,67.1,50437.763008,67.1
2017-11-18 19:00:00,66.94,67.08,66.66,66.9,116660.741591,66.9
2017-11-18 18:00:00,66.73,67.17,66.42,66.84,186814.561571,66.84
2017-11-18 17:00:00,66.51,66.85,66.02,66.71,108194.728434,66.71
2017-11-18 16:00:00,66.78,66.78,66.02,66.17,96908.594167,66.17
2017-11-18 15:00:00,66.48,67.46,66.41,66.75,162973.235934,66.75
2017-11-18 14:00:00,66.37,67.5,66.23,66.48,330666.026277,66.48
2017-11-18 13:00:00,66.3,66.72,66.0,66.3,381213.487195,66.3
2017-11-18 12:00:00,65.82,67.3,65.53,66.33,155464.612365,66.33
2017-11-18 11:00:00,64.97,66.0,64.7,65.82,285692.458392,65.82
2017-11-18 10:00:00,65.2,68.1,64.95,64.97,427532.115288,64.97
2017-11-18 09:00:00,66.19,66.91,65.1,65.25,231036.00742,65.25
2017-11-18 08:00:00,67.2,67.3,65.58,66.13,248449.325027,66.13
2017-11-18 07:00:00,67.81,68.08,67.08,67.18,82435.792818,67.18
2017-11-18 06:00:00,67.63,68.36,67.63,67.84,59157.581514,67.84
2017-11-18 05:00:00,68.45,68.45,67.5,67.67,93508.039535,67.67
2017-11-18 04:00:00,68.25,69.25,68.21,68.42,107145.545544,68.42
2017-11-18 03:00:00,67.33,68.97,67.29,68.21,130399.134451,68.21
2017-11-18 02:00:00,67.13,67.37,67.06,67.33,17565.659796,67.33
2017-11-18 01:00:00,67.57,67.7,67.01,67.1,47872.969082,67.1
2017-11-18 00:00:00,67.31,67.7,67.18,67.54,93571.835395,67.54
2017-11-17 23:00:00,68.0,69.79,67.16,67.33,535309.944206,67.33
2017-11-17 22:00:00,67.63,68.23,67.5,67.94,190544.951908,67.94
2017-11-17 21:00:00,67.05,68.19,66.88,67.59,189173.429878,67.59
2017-11-17 20:00:00,67.44,68.04,66.89,67.05,149258.718155,67.05
2017-11-17 19:00:00,67.97,68.88,66.48,67.65,212928.13243,67.65
2017-11-17 18:00:00,65.86,68.5,65.82,68.0,232028.431839,68.0
2017-11-17 17:00:00,65.81,66.5,65.67,65.89,216612.920958,65.89
2017-11-17 16:00:00,64.92,66.14,64.7,65.7,373969.785654,65.7
2017-11-17 15:00:00,67.02,67.11,64.0,64.99,753712.358605,64.99
2017-11-17 14:00:00,67.59,67.85,66.69,67.02,243015.478208,67.02
2017-11-17 13:00:00,68.46,68.59,67.51,67.55,196531.083872,67.55
2017-11-17 12:00:00,67.54,68.55,67.5,68.46,250607.043707,68.46
2017-11-17 11:00:00,67.77,68.0,66.83,67.58,356133.938675,67.58
2017-11-17 10:00:00,68.86,68.91,66.8,67.62,613244.942654,67.62
2017-11-17 09:00:00,69.38,71.3,68.75,68.75,748498.964989,68.75
2017-11-17 08:00:00,70.81,71.0,68.05,69.39,605785.300098,69.39
2017-11-17 07:00:00,67.01,72.71,67.01,70.94,1391121.8453,70.94
2017-11-17 06:00:00,63.53,67.88,63.53,67.12,1016319.19311,67.12
2017-11-17 05:00:00,63.31,63.58,63.01,63.46,53966.91805,63.46
2017-11-17 04:00:00,63.46,63.69,63.1,63.29,19622.191837,63.29
2017-11-17 03:00:00,63.04,63.45,62.8,63.45,27468.123843,63.45
2017-11-17 02:00:00,63.0,63.3,62.63,63.04,43176.118701,63.04
2017-11-17 01:00:00,63.75,63.9,62.91,62.91,63465.29412,62.91
2017-11-17 00:00:00,63.45,63.77,63.37,63.77,42548.806795,63.77
2017-11-16 23:00:00,63.58,63.63,63.3,63.48,67328.328288,63.48
2017-11-16 22:00:00,62.96,63.9,62.64,63.56,110674.962778,63.56
2017-11-16 21:00:00,62.8,63.39,62.3,62.66,139875.586208,62.66
2017-11-16 20:00:00,62.62,62.9,62.53,62.8,181508.549594,62.8
2017-11-16 19:00:00,62.77,62.81,62.3,62.7,103864.974547,62.7
2017-11-16 18:00:00,62.64,62.99,62.3,62.75,156787.13985,62.75
2017-11-16 17:00:00,62.68,62.88,62.38,62.73,151128.787022,62.73
2017-11-16 16:00:00,63.82,64.0,62.68,62.68,125322.439357,62.68
2017-11-16 15:00:00,64.04,64.31,63.55,63.81,164185.057897,63.81
2017-11-16 14:00:00,63.65,64.8,63.5,64.06,232380.266795,64.06
2017-11-16 13:00:00,63.5,63.69,63.41,63.6,149534.208481,63.6
2017-11-16 12:00:00,63.22,63.58,62.96,63.5,102181.450749,63.5
2017-11-16 11:00:00,63.13,63.22,62.75,63.22,169553.340776,63.22
2017-11-16 10:00:00,63.43,63.63,63.08,63.13,109045.942557,63.13
2017-11-16 09:00:00,63.74,63.76,63.21,63.42,134435.587981,63.42
2017-11-16 08:00:00,63.05,63.8,63.05,63.73,92419.109004,63.73
2017-11-16 07:00:00,62.77,63.31,62.75,63.09,37977.8604336,63.09
2017-11-16 06:00:00,62.81,62.98,62.6,62.77,17484.318635,62.77
2017-11-16 05:00:00,62.71,62.96,62.56,62.74,14033.421136,62.74
2017-11-16 04:00:00,63.25,63.25,62.67,62.67,22208.123838,62.67
2017-11-16 03:00:00,63.16,63.56,63.04,63.24,18527.662737,63.24
2017-11-16 02:00:00,63.02,63.15,62.77,63.15,22387.86493,63.15
2017-11-16 01:00:00,62.99,63.07,62.75,63.02,28159.602328,63.02
2017-11-16 00:00:00,63.21,63.26,62.64,63.02,176390.025582,63.02
2017-11-15 23:00:00,63.29,63.52,62.86,63.21,129809.018077,63.21
2017-11-15 22:00:00,62.97,63.58,62.97,63.3,128682.993009,63.3
2017-11-15 21:00:00,63.11,63.34,62.71,63.04,181695.131189,63.04
2017-11-15 20:00:00,63.93,63.98,63.01,63.13,239842.823068,63.13
2017-11-15 19:00:00,64.35,64.55,63.6,63.9,164404.770523,63.9
2017-11-15 18:00:00,64.72,64.72,63.59,64.32,248397.960705,64.32
2017-11-15 17:00:00,63.58,64.85,63.36,64.63,420294.262409,64.63
2017-11-15 16:00:00,62.53,63.61,62.44,63.52,315211.620569,63.52
2017-11-15 15:00:00,62.32,62.78,62.17,62.51,164454.278902,62.51
2017-11-15 14:00:00,61.94,62.32,61.79,62.32,95074.127568,62.32
2017-11-15 13:00:00,61.9,61.95,61.71,61.94,93832.834799,61.94
2017-11-15 12:00:00,61.82,62.09,61.6,61.92,54883.763536,61.92
2017-11-15 11:00:00,61.91,62.0,61.6,61.79,95571.770682,61.79
2017-11-15 10:00:00,62.13,62.5,61.7,61.95,168263.197518,61.95
2017-11-15 09:00:00,61.76,62.2,61.63,62.15,57294.710627,62.15
2017-11-15 08:00:00,61.92,62.42,61.59,61.81,84040.250487,61.81
2017-11-15 07:00:00,61.9,61.97,61.58,61.97,50547.534316,61.97
2017-11-15 06:00:00,62.77,62.84,61.81,61.9,63948.334836,61.9
2017-11-15 05:00:00,62.83,62.91,62.35,62.78,71488.379596,62.78
2017-11-15 04:00:00,62.47,62.98,62.27,62.85,156977.878607,62.85
2017-11-15 03:00:00,61.77,62.5,61.74,62.47,45602.907496,62.47
2017-11-15 02:00:00,61.97,62.47,61.76,61.76,108938.213027,61.76
2017-11-15 01:00:00,61.96,62.1,61.68,61.97,132517.665516,61.97
2017-11-15 00:00:00,60.78,62.35,60.72,61.99,292897.573411,61.99
2017-11-14 23:00:00,60.85,61.5,60.0,60.77,178144.410397,60.77
2017-11-14 22:00:00,60.38,60.93,60.29,60.85,157718.142264,60.85
2017-11-14 21:00:00,60.38,60.49,60.22,60.38,99434.141347,60.38
2017-11-14 20:00:00,60.69,60.75,59.71,60.36,225313.602026,60.36
2017-11-14 19:00:00,60.76,61.02,60.4,60.56,181245.637439,60.56
2017-11-14 18:00:00,60.8,61.0,60.49,60.69,157674.40662,60.69
2017-11-14 17:00:00,60.72,60.9,60.14,60.79,75239.920268,60.79
2017-11-14 16:00:00,60.95,61.05,60.46,60.78,164821.940186,60.78
2017-11-14 15:00:00,60.23,60.99,60.18,60.95,131458.541677,60.95
2017-11-14 14:00:00,60.27,60.5,60.0,60.23,158135.344365,60.23
2017-11-14 13:00:00,60.67,60.67,60.0,60.22,207115.12015,60.22
2017-11-14 12:00:00,60.72,60.99,60.19,60.57,160599.97593,60.57
2017-11-14 11:00:00,60.62,61.21,60.6,60.77,133372.622049,60.77
2017-11-14 10:00:00,60.6,60.78,59.9,60.6,186750.237318,60.6
2017-11-14 09:00:00,60.45,60.71,60.0,60.55,72619.69757,60.55
2017-11-14 08:00:00,60.35,61.12,60.03,60.45,96434.1658233,60.45
2017-11-14 07:00:00,59.98,60.51,59.67,60.47,203680.813094,60.47
2017-11-14 06:00:00,59.96,60.0,59.48,59.98,69006.354766,59.98
2017-11-14 05:00:00,59.69,60.0,59.35,59.97,67041.366354,59.97
2017-11-14 04:00:00,59.81,60.53,58.91,60.0,104151.739873,60.0
2017-11-14 03:00:00,59.01,60.54,59.01,60.54,17842.6947317,60.54
2017-11-14 02:00:00,60.54,60.54,59.01,59.01,7970.989196,59.01
2017-11-14 01:00:00,59.57,60.54,59.57,60.54,14436.654248,60.54
2017-11-14 00:00:00,61.14,61.25,59.62,59.62,110576.966843,59.62
2017-11-13 23:00:00,59.93,61.5,59.86,61.1,140774.430119,61.1
2017-11-13 22:00:00,60.5,60.97,59.82,59.94,229018.326565,59.94
2017-11-13 21:00:00,61.56,61.58,60.2,60.5,316670.058521,60.5
2017-11-13 20:00:00,61.13,62.47,61.06,61.56,443970.855751,61.56
2017-11-13 19:00:00,60.25,61.5,59.63,61.15,288104.058285,61.15
2017-11-13 18:00:00,59.89,60.35,59.42,60.3,203251.963984,60.3
2017-11-13 17:00:00,59.21,59.89,59.09,59.89,85028.9902535,59.89
2017-11-13 16:00:00,59.0,59.29,58.81,59.13,49699.105247,59.13
2017-11-13 15:00:00,59.0,59.09,58.04,59.05,71568.467111,59.05
2017-11-13 14:00:00,58.87,59.46,58.5,59.13,97031.614869,59.13
2017-11-13 13:00:00,59.25,59.27,58.37,59.0,145316.093489,59.0
2017-11-13 12:00:00,59.0,59.59,58.89,59.3,109405.171533,59.3
2017-11-13 11:00:00,59.4,59.59,58.61,59.07,137501.055163,59.07
2017-11-13 10:00:00,59.15,59.77,58.92,59.3,78849.958435,59.3
2017-11-13 09:00:00,58.99,59.8,58.0,58.87,289104.026018,58.87
2017-11-13 08:00:00,58.07,58.99,57.91,58.82,140261.507264,58.82
2017-11-13 07:00:00,56.84,58.26,56.63,58.1,122712.091737,58.1
2017-11-13 06:00:00,58.39,58.39,56.69,56.84,81598.664469,56.84
2017-11-13 05:00:00,58.51,58.85,58.06,58.06,33452.743156,58.06
2017-11-13 04:00:00,58.86,59.06,58.1,58.6,29431.020028,58.6
2017-11-13 03:00:00,59.09,59.77,58.39,58.72,85261.1453694,58.72
2017-11-13 02:00:00,58.16,59.22,57.81,59.1,104517.677965,59.1
2017-11-13 01:00:00,57.89,58.75,57.88,58.22,91921.800869,58.22
2017-11-13 00:00:00,57.5,58.4,57.19,57.88,133426.854045,57.88
2017-11-12 23:00:00,56.26,58.99,55.0,58.15,231345.567675,58.15
2017-11-12 22:00:00,55.9,56.66,55.56,56.26,154648.21003,56.26
2017-11-12 21:00:00,56.31,56.6,55.32,55.88,119988.936343,55.88
2017-11-12 20:00:00,56.89,57.12,56.0,56.3,86480.275795,56.3
2017-11-12 19:00:00,56.48,57.88,55.47,56.9,252996.362886,56.9
2017-11-12 18:00:00,55.27,56.49,55.0,56.48,126855.912055,56.48
2017-11-12 17:00:00,55.0,56.24,53.38,55.27,303416.107047,55.27
2017-11-12 16:00:00,56.9,57.76,54.8,55.0,281339.251276,55.0
2017-11-12 15:00:00,52.99,58.94,52.67,56.86,621026.836521,56.86
2017-11-12 14:00:00,54.06,54.4,50.0,52.99,613835.464391,52.99
2017-11-12 13:00:00,56.8,57.2,53.56,54.2,513267.650439,54.2
2017-11-12 12:00:00,55.18,58.0,55.0,56.9,379079.366547,56.9
2017-11-12 11:00:00,56.31,56.53,54.9,55.3,489768.194437,55.3
2017-11-12 10:00:00,58.82,58.86,56.3,56.49,442425.628974,56.49
2017-11-12 09:00:00,59.18,59.18,57.11,58.82,448593.317418,58.82
2017-11-12 08:00:00,60.81,61.32,59.16,59.19,278968.840618,59.19
2017-11-12 07:00:00,60.94,61.01,60.39,60.74,150698.733012,60.74
2017-11-12 06:00:00,61.49,61.49,60.4,60.95,134084.176748,60.95
2017-11-12 05:00:00,62.12,62.12,61.08,61.35,88547.6176555,61.35
2017-11-12 04:00:00,61.99,62.36,61.72,62.05,83725.98539,62.05
2017-11-12 03:00:00,61.13,62.44,60.64,61.97,117965.112225,61.97
2017-11-12 02:00:00,61.66,62.28,60.95,61.13,153159.881344,61.13
2017-11-12 01:00:00,60.24,62.5,59.24,61.66,284222.890458,61.66
2017-11-12 00:00:00,58.06,61.0,58.03,60.24,280424.249859,60.24
2017-11-11 23:00:00,56.99,58.2,56.58,57.95,220949.200466,57.95
2017-11-11 22:00:00,58.93,59.5,56.58,56.99,294102.286198,56.99
2017-11-11 21:00:00,58.3,59.16,57.14,58.93,417175.04244,58.93
2017-11-11 20:00:00,58.02,59.18,57.2,58.3,378579.370854,58.3
2017-11-11 19:00:00,59.82,60.13,58.0,58.0,316854.012038,58.0
2017-11-11 18:00:00,60.68,61.77,59.68,59.68,249858.779877,59.68
2017-11-11 17:00:00,60.81,60.92,59.93,60.66,171439.397079,60.66
2017-11-11 16:00:00,61.3,61.67,60.8,60.97,142212.522362,60.97
2017-11-11 15:00:00,60.07,62.35,60.07,61.2,427523.176781,61.2
2017-11-11 14:00:00,59.74,60.48,59.46,60.07,102171.369987,60.07
2017-11-11 13:00:00,59.6,59.83,59.44,59.45,183151.634718,59.45
2017-11-11 12:00:00,59.31,59.75,59.25,59.58,84647.197462,59.58
2017-11-11 11:00:00,59.5,59.78,58.78,59.41,77694.2387476,59.41
2017-11-11 10:00:00,60.52,60.52,59.52,59.52,66239.469452,59.52
2017-11-11 09:00:00,60.0,60.71,59.57,60.55,207543.625146,60.55
2017-11-11 08:00:00,58.23,60.0,57.98,60.0,200604.992452,60.0
2017-11-11 07:00:00,60.29,60.29,57.89,58.11,292727.839769,58.11
2017-11-11 06:00:00,59.12,60.9,58.89,60.28,109071.790096,60.28
2017-11-11 05:00:00,56.76,59.14,56.21,59.03,248993.909763,59.03
2017-11-11 04:00:00,57.59,57.75,56.29,56.31,163042.810243,56.31
2017-11-11 03:00:00,56.2,58.28,56.2,57.43,221319.717109,57.43
2017-11-11 02:00:00,59.66,59.66,56.26,56.49,278123.566773,56.49
2017-11-11 01:00:00,61.58,61.69,59.5,59.54,203375.445191,59.54
2017-11-11 00:00:00,60.78,61.93,60.78,61.5,170023.422119,61.5
2017-11-10 23:00:00,60.5,61.0,60.3,60.73,74580.2956666,60.73
2017-11-10 22:00:00,60.54,61.18,60.4,60.4,118674.237004,60.4
2017-11-10 21:00:00,58.99,61.33,58.69,60.54,436115.474995,60.54
2017-11-10 20:00:00,63.31,63.6,58.56,58.99,697326.296856,58.99
2017-11-10 19:00:00,65.5,65.89,63.15,63.31,729806.050712,63.31
2017-11-10 18:00:00,64.01,66.0,64.01,65.5,444946.074171,65.5
2017-11-10 17:00:00,64.26,64.69,64.0,64.01,180685.000998,64.01
2017-11-10 16:00:00,63.73,64.32,63.68,64.19,133700.677214,64.19
2017-11-10 15:00:00,64.6,64.7,63.62,63.71,170632.882894,63.71
2017-11-10 14:00:00,63.19,64.7,63.12,64.63,209408.15208,64.63
2017-11-10 13:00:00,64.2,64.46,63.12,63.19,241239.044775,63.19
2017-11-10 12:00:00,64.1,64.47,64.0,64.28,143391.412744,64.28
2017-11-10 11:00:00,64.56,64.58,63.71,64.06,176680.339957,64.06
2017-11-10 10:00:00,64.54,64.86,64.22,64.55,173521.421633,64.55
2017-11-10 09:00:00,64.6,64.85,64.48,64.5,145706.302592,64.5
2017-11-10 08:00:00,63.61,65.0,63.61,64.59,141311.733495,64.59
2017-11-10 07:00:00,64.06,64.13,63.0,63.61,145912.713394,63.61
2017-11-10 06:00:00,64.45,65.09,63.8,64.08,150528.405219,64.08
2017-11-10 05:00:00,66.04,66.06,64.2,64.45,201745.013719,64.45
2017-11-10 04:00:00,65.41,66.06,65.34,66.03,165501.786623,66.03
2017-11-10 03:00:00,64.86,65.5,64.83,65.5,144271.071383,65.5
2017-11-10 02:00:00,63.91,65.3,63.91,64.86,429574.851322,64.86
2017-11-10 01:00:00,63.27,63.98,63.07,63.9,116488.615781,63.9
2017-11-10 00:00:00,62.75,63.58,62.65,63.27,108570.459752,63.27
2017-11-09 23:00:00,62.68,62.78,62.33,62.75,142311.898373,62.75
2017-11-09 22:00:00,62.01,62.66,61.96,62.66,191165.383077,62.66
2017-11-09 21:00:00,61.96,62.02,61.78,62.0,155724.624089,62.0
2017-11-09 20:00:00,61.86,62.02,60.5,61.97,329242.106842,61.97
2017-11-09 19:00:00,62.16,62.53,61.86,61.96,244382.499967,61.96
2017-11-09 18:00:00,62.22,62.33,62.06,62.2,117300.622674,62.2
2017-11-09 17:00:00,62.15,62.4,61.7,62.31,237709.933652,62.31
2017-11-09 16:00:00,63.28,63.5,61.9,62.17,197740.94159,62.17
2017-11-09 15:00:00,62.68,63.5,62.63,63.24,147761.212848,63.24
2017-11-09 14:00:00,63.59,63.59,62.56,62.68,223001.603286,62.68
2017-11-09 13:00:00,64.0,64.05,63.21,63.52,439014.492643,63.52
2017-11-09 12:00:00,62.87,64.2,62.78,64.0,369321.989129,64.0
2017-11-09 11:00:00,62.86,63.41,62.72,62.84,195217.69672,62.84
2017-11-09 10:00:00,62.18,63.49,61.95,62.86,308768.178469,62.86
2017-11-09 09:00:00,61.33,62.2,61.18,62.19,162584.397619,62.19
2017-11-09 08:00:00,61.7,61.77,61.01,61.33,158196.923228,61.33
2017-11-09 07:00:00,61.8,61.8,61.08,61.7,134418.605923,61.7
2017-11-09 06:00:00,62.2,62.75,61.53,61.8,186638.884452,61.8
2017-11-09 05:00:00,62.16,62.48,62.03,62.16,145802.253036,62.16
2017-11-09 04:00:00,62.48,62.48,61.97,62.16,216959.65202,62.16
2017-11-09 03:00:00,61.85,62.69,61.1,62.59,143609.465394,62.59
2017-11-09 02:00:00,59.37,62.99,59.37,61.85,690212.837065,61.85
2017-11-09 01:00:00,61.66,61.66,59.0,59.43,392413.818445,59.43
2017-11-09 00:00:00,61.54,62.0,61.49,61.62,151258.366754,61.62
2017-11-08 23:00:00,61.41,61.74,61.22,61.54,172413.402775,61.54
2017-11-08 22:00:00,61.36,61.85,61.1,61.41,171774.729512,61.41
2017-11-08 21:00:00,61.83,61.92,60.0,61.4,209209.372925,61.4
2017-11-08 20:00:00,62.71,62.9,61.61,61.84,227561.593404,61.84
2017-11-08 19:00:00,61.8,62.81,61.75,62.71,272667.140262,62.71
2017-11-08 18:00:00,61.1,62.0,61.06,61.8,173214.547648,61.8
2017-11-08 17:00:00,61.69,61.82,61.12,61.13,151898.592465,61.13
2017-11-08 16:00:00,61.97,62.16,61.17,61.75,205480.207573,61.75
2017-11-08 15:00:00,60.55,62.2,60.46,61.95,239914.33681,61.95
2017-11-08 14:00:00,60.24,60.57,60.06,60.53,179218.809717,60.53
2017-11-08 13:00:00,61.03,61.18,60.0,60.24,287823.39626,60.24
2017-11-08 12:00:00,60.95,61.7,60.45,60.99,228192.370514,60.99
2017-11-08 11:00:00,60.76,61.07,60.4,60.98,168192.79012,60.98
2017-11-08 10:00:00,60.34,60.76,60.04,60.75,272389.99391,60.75
2017-11-08 09:00:00,61.28,62.8,60.2,60.38,411541.09929,60.38
2017-11-08 08:00:00,60.5,61.3,60.36,61.27,229185.844773,61.27
2017-11-08 07:00:00,60.68,61.14,60.14,60.47,226751.40445,60.47
2017-11-08 06:00:00,61.27,61.48,60.61,60.73,166242.242251,60.73
2017-11-08 05:00:00,61.75,63.03,59.0,61.26,285759.145221,61.26
2017-11-08 04:00:00,60.37,62.68,60.15,61.8,297386.350872,61.8
2017-11-08 03:00:00,60.46,60.7,59.87,60.31,135093.251586,60.31
2017-11-08 02:00:00,59.2,60.46,58.9,60.46,133734.307157,60.46
2017-11-08 01:00:00,58.59,59.8,58.59,59.18,213042.343224,59.18
2017-11-08 00:00:00,57.08,59.2,57.0,58.57,176960.229157,58.57
2017-11-07 23:00:00,57.15,57.15,56.8,57.0,82844.693465,57.0
2017-11-07 22:00:00,57.43,57.73,56.87,57.15,284396.298922,57.15
2017-11-07 21:00:00,59.1,59.62,57.0,57.5,692121.186819,57.5
2017-11-07 20:00:00,55.78,60.87,55.78,59.1,1253717.24485,59.1
2017-11-07 19:00:00,55.25,55.97,55.19,55.8,240233.565486,55.8
2017-11-07 18:00:00,55.17,55.41,55.13,55.25,235696.583349,55.25
2017-11-07 17:00:00,55.23,55.23,54.83,55.14,228212.216004,55.14
2017-11-07 16:00:00,55.45,55.51,55.12,55.23,246961.700703,55.23
2017-11-07 15:00:00,55.52,56.5,55.31,55.45,220804.4674,55.45
2017-11-07 14:00:00,55.37,55.55,55.13,55.55,66203.056282,55.55
2017-11-07 13:00:00,55.61,55.61,55.24,55.32,30936.102927,55.32
2017-11-07 12:00:00,55.54,56.25,55.45,55.63,58678.2699954,55.63
2017-11-07 11:00:00,55.51,55.58,55.12,55.54,25969.464334,55.54
2017-11-07 10:00:00,54.96,55.99,54.93,55.58,61711.552665,55.58
2017-11-07 09:00:00,54.62,55.1,54.49,55.03,31030.985293,55.03
2017-11-07 08:00:00,54.91,55.0,54.52,54.65,63091.574807,54.65
2017-11-07 07:00:00,55.15,55.25,54.9,54.95,33393.983302,54.95
2017-11-07 06:00:00,54.98,55.14,54.9,55.12,8834.47337,55.12
2017-11-07 05:00:00,54.99,55.01,54.89,54.98,367.362506,54.98
2017-11-07 04:00:00,55.43,55.48,54.95,55.08,10926.032354,55.08
2017-11-07 03:00:00,55.14,55.67,55.14,55.41,14864.725336,55.41
2017-11-07 02:00:00,55.13,55.53,55.1,55.28,6358.87433,55.28
2017-11-07 01:00:00,55.26,55.3,55.0,55.13,34276.013247,55.13
2017-11-07 00:00:00,55.46,55.66,55.14,55.24,18024.644026,55.24
2017-11-06 23:00:00,55.64,55.65,55.06,55.48,39397.1389312,55.48
2017-11-06 22:00:00,55.46,56.52,55.17,55.76,66701.952749,55.76
2017-11-06 21:00:00,55.78,55.8,55.4,55.48,98861.959272,55.48
2017-11-06 20:00:00,56.5,56.99,55.71,55.78,178829.173458,55.78
2017-11-06 19:00:00,55.11,56.5,55.0,56.5,319990.580216,56.5
2017-11-06 18:00:00,54.31,55.29,54.3,55.05,108680.369441,55.05
2017-11-06 17:00:00,54.27,54.47,54.2,54.38,66857.672839,54.38
2017-11-06 16:00:00,54.33,54.43,54.15,54.27,35892.5408,54.27
2017-11-06 15:00:00,54.28,54.47,54.15,54.37,23064.228764,54.37
2017-11-06 14:00:00,54.43,54.65,54.19,54.26,19516.63646,54.26
2017-11-06 13:00:00,54.14,54.57,54.0,54.43,36316.185384,54.43
2017-11-06 12:00:00,54.19,54.54,54.0,54.14,63266.043467,54.14
2017-11-06 11:00:00,54.24,54.39,54.05,54.21,18623.555054,54.21
2017-11-06 10:00:00,54.4,54.46,54.05,54.23,78767.371848,54.23
2017-11-06 09:00:00,54.51,54.79,54.33,54.36,17446.125883,54.36
2017-11-06 08:00:00,54.8,55.26,54.37,54.58,70131.86629,54.58
2017-11-06 07:00:00,54.78,55.05,54.63,54.79,18868.068407,54.79
2017-11-06 06:00:00,55.13,55.27,54.7,54.7,31771.88866,54.7
2017-11-06 05:00:00,55.02,55.08,54.86,55.08,12342.094792,55.08
2017-11-06 04:00:00,54.85,55.02,54.77,54.91,21657.35884,54.91
2017-11-06 03:00:00,55.07,55.15,54.85,54.94,26529.314643,54.94
2017-11-06 02:00:00,54.98,55.16,54.94,55.13,6922.957332,55.13
2017-11-06 01:00:00,54.89,55.3,54.69,54.97,40570.388102,54.97
2017-11-06 00:00:00,55.0,55.3,54.71,54.89,84428.469978,54.89
2017-11-05 23:00:00,54.36,56.4,54.3,55.11,123051.373485,55.11
2017-11-05 22:00:00,54.27,54.58,54.2,54.4,79218.50664,54.4
2017-11-05 21:00:00,54.57,54.68,54.16,54.25,76704.613186,54.25
2017-11-05 20:00:00,54.67,54.78,54.3,54.57,43561.290303,54.57
2017-11-05 19:00:00,54.73,54.8,54.48,54.56,24793.656688,54.56
2017-11-05 18:00:00,54.75,54.88,54.51,54.72,24942.313928,54.72
2017-11-05 17:00:00,54.69,54.93,54.61,54.82,21271.830792,54.82
2017-11-05 16:00:00,54.64,54.91,54.6,54.67,19506.7157017,54.67
2017-11-05 15:00:00,54.56,54.8,54.53,54.61,68202.69367,54.61
2017-11-05 14:00:00,54.87,55.01,54.53,54.56,46896.671325,54.56
2017-11-05 13:00:00,54.78,54.94,54.67,54.89,15738.620768,54.89
2017-11-05 12:00:00,55.04,55.05,54.71,54.79,6373.346847,54.79
2017-11-05 11:00:00,54.73,54.98,54.5,54.84,31270.874619,54.84
2017-11-05 10:00:00,54.65,54.87,54.61,54.76,17593.01991,54.76
2017-11-05 09:00:00,54.95,55.18,54.68,54.72,26244.0972235,54.72
2017-11-05 08:00:00,55.04,55.21,54.85,54.91,12643.592906,54.91
2017-11-05 07:00:00,54.85,55.37,54.79,55.04,18695.907602,55.04
2017-11-05 06:00:00,55.08,55.28,54.75,54.88,17497.017689,54.88
2017-11-05 05:00:00,55.35,55.38,55.0,55.06,19033.552713,55.06
2017-11-05 04:00:00,55.36,55.44,55.31,55.37,48536.936808,55.37
2017-11-05 03:00:00,55.56,55.62,55.33,55.36,14616.137477,55.36
2017-11-05 02:00:00,55.54,55.62,55.45,55.53,418.661198,55.53
2017-11-05 01:00:00,55.68,55.68,55.43,55.52,13860.799761,55.52
2017-11-05 00:00:00,55.62,55.74,55.34,55.67,43759.886422,55.67
2017-11-04 23:00:00,55.67,55.96,55.56,55.57,34164.519624,55.57
2017-11-04 22:00:00,55.69,56.39,55.49,55.79,61163.625446,55.79
2017-11-04 21:00:00,55.33,55.84,55.26,55.67,56314.1902733,55.67
2017-11-04 20:00:00,54.79,55.34,54.76,55.34,26374.4503267,55.34
2017-11-04 19:00:00,55.05,55.1,54.71,54.81,26919.322668,54.81
2017-11-04 18:00:00,54.92,55.08,54.82,54.97,24256.592659,54.97
2017-11-04 17:00:00,55.16,55.34,54.6,54.87,44496.608,54.87
2017-11-04 16:00:00,55.02,55.29,54.98,55.16,12421.045368,55.16
2017-11-04 15:00:00,54.84,55.33,54.84,55.04,23222.319355,55.04
2017-11-04 14:00:00,55.0,55.25,54.65,54.83,27375.049871,54.83
2017-11-04 13:00:00,54.51,55.02,54.44,55.01,7772.127359,55.01
2017-11-04 12:00:00,54.86,54.89,54.47,54.59,16712.869697,54.59
2017-11-04 11:00:00,54.22,55.29,54.15,54.86,39784.252371,54.86
2017-11-04 10:00:00,55.33,55.69,54.21,54.24,74852.6068756,54.24
2017-11-04 09:00:00,56.43,56.63,55.0,55.49,86465.51633,55.49
2017-11-04 08:00:00,56.03,56.69,55.77,56.44,39767.527853,56.44
2017-11-04 07:00:00,56.41,56.56,55.61,56.04,28041.077706,56.04
2017-11-04 06:00:00,55.94,56.79,55.79,56.52,78470.665046,56.52
2017-11-04 05:00:00,55.37,56.19,55.29,56.19,41007.4968307,56.19
2017-11-04 04:00:00,54.8,55.8,54.79,55.36,23828.164212,55.36
2017-11-04 03:00:00,54.81,55.6,54.67,54.79,23783.433534,54.79
2017-11-04 02:00:00,54.59,54.8,54.54,54.76,12564.563186,54.76
2017-11-04 01:00:00,54.66,55.2,54.25,54.59,33488.140535,54.59
2017-11-04 00:00:00,55.3,55.3,54.55,54.64,39806.364791,54.64
2017-11-03 23:00:00,54.8,55.68,54.77,55.22,109347.377065,55.22
2017-11-03 22:00:00,54.81,55.33,54.58,54.8,67431.849762,54.8
2017-11-03 21:00:00,55.21,55.43,54.3,54.83,42573.845334,54.83
2017-11-03 20:00:00,55.29,55.56,54.59,55.22,97894.04054,55.22
2017-11-03 19:00:00,54.4,56.0,54.15,55.29,153840.158246,55.29
2017-11-03 18:00:00,53.95,54.4,53.73,54.38,96474.1271878,54.38
2017-11-03 17:00:00,53.56,54.22,53.4,54.01,37754.020019,54.01
2017-11-03 16:00:00,54.06,54.12,53.39,53.53,81035.995512,53.53
2017-11-03 15:00:00,54.4,54.52,54.04,54.06,73207.407852,54.06
2017-11-03 14:00:00,54.27,54.52,54.03,54.43,59198.752224,54.43
2017-11-03 13:00:00,54.28,55.0,54.03,54.28,73318.134536,54.28
2017-11-03 12:00:00,54.5,54.51,54.0,54.37,78250.307912,54.37
2017-11-03 11:00:00,55.18,55.59,54.5,54.5,81888.684903,54.5
2017-11-03 10:00:00,54.99,55.38,54.59,55.19,20093.0867395,55.19
2017-11-03 09:00:00,54.3,55.38,54.3,54.98,135227.902642,54.98
2017-11-03 08:00:00,54.21,54.59,53.76,54.3,38906.991535,54.3
2017-11-03 07:00:00,53.27,54.8,53.1,54.4,31226.541228,54.4
2017-11-03 06:00:00,53.5,53.77,53.03,53.25,9748.652582,53.25
2017-11-03 05:00:00,53.56,53.62,53.36,53.49,2006.764078,53.49
2017-11-03 04:00:00,54.53,54.88,53.42,53.6,4298.63169,53.6
2017-11-03 03:00:00,52.72,54.49,52.7,54.47,12511.186994,54.47
2017-11-03 02:00:00,52.74,52.92,52.54,52.71,2155.534063,52.71
2017-11-03 01:00:00,52.37,53.4,52.07,52.73,66520.994085,52.73
2017-11-03 00:00:00,52.54,52.79,52.01,52.38,12388.654225,52.38
2017-11-02 23:00:00,52.9,53.19,52.32,52.54,7028.494406,52.54
2017-11-02 22:00:00,51.57,53.2,51.56,52.99,24697.432353,52.99
2017-11-02 21:00:00,51.85,52.79,51.56,51.57,14802.933751,51.57
2017-11-02 20:00:00,52.28,53.28,51.55,51.82,62753.699917,51.82
2017-11-02 19:00:00,49.72,53.6,49.7,52.38,61379.1780004,52.38
2017-11-02 18:00:00,50.8,50.81,49.85,49.85,29403.543642,49.85
2017-11-02 17:00:00,50.87,51.4,50.0,50.41,10072.276121,50.41
2017-11-02 16:00:00,51.58,51.99,50.57,50.84,12855.945395,50.84
2017-11-02 15:00:00,51.78,52.18,51.16,51.57,35262.506707,51.57
2017-11-02 14:00:00,52.0,52.35,51.57,51.78,11942.772612,51.78
2017-11-02 13:00:00,51.59,52.34,51.16,51.97,10547.054829,51.97
2017-11-02 12:00:00,51.15,51.79,51.14,51.6,8150.219855,51.6
2017-11-02 11:00:00,51.66,52.01,51.11,51.5,2881.354399,51.5
2017-11-02 10:00:00,50.94,52.5,50.6,51.65,59606.122324,51.65
2017-11-02 09:00:00,52.26,52.5,46.02,50.96,84924.004403,50.96
2017-11-02 08:00:00,52.93,53.16,52.02,52.25,87953.287659,52.25
2017-11-02 07:00:00,53.87,54.1,52.9,52.94,69057.511526,52.94
2017-11-02 06:00:00,54.24,54.3,53.74,53.87,29045.508368,53.87
2017-11-02 05:00:00,54.3,54.48,54.26,54.28,4112.378389,54.28
2017-11-02 04:00:00,54.47,54.79,54.3,54.32,570.844824,54.32
2017-11-02 03:00:00,54.75,54.75,54.42,54.47,417.179748,54.47
2017-11-02 02:00:00,54.3,55.0,53.93,54.52,10298.275623,54.52
2017-11-02 01:00:00,54.1,55.17,53.8,54.32,11950.759583,54.32
2017-11-02 00:00:00,54.86,55.09,53.79,54.47,6284.122551,54.47
2017-11-01 23:00:00,55.07,55.4,54.74,54.86,5894.459501,54.86
2017-11-01 22:00:00,54.7,55.06,53.23,55.06,20868.854637,55.06
2017-11-01 21:00:00,54.77,54.77,53.77,54.48,14017.64339,54.48
2017-11-01 20:00:00,54.27,54.79,53.75,54.26,50713.085049,54.26
2017-11-01 19:00:00,54.54,54.81,53.73,54.26,3225.602504,54.26
2017-11-01 18:00:00,55.05,55.56,54.54,54.55,38188.810838,54.55
2017-11-01 17:00:00,54.35,55.43,53.2,55.07,24610.05184,55.07
2017-11-01 16:00:00,54.95,55.1,54.31,54.57,10149.909219,54.57
2017-11-01 15:00:00,55.15,55.15,54.75,54.8,9728.83361,54.8
2017-11-01 14:00:00,54.92,55.5,54.8,55.16,6751.882113,55.16
2017-11-01 13:00:00,54.87,55.0,54.75,54.87,24437.084661,54.87
2017-11-01 12:00:00,54.91,54.93,54.72,54.88,2499.130337,54.88
2017-11-01 11:00:00,54.95,55.0,54.8,54.89,15851.9340431,54.89
2017-11-01 10:00:00,54.89,54.99,54.8,54.95,10121.065374,54.95
2017-11-01 09:00:00,55.1,55.15,54.8,54.86,585.5475,54.86
2017-11-01 08:00:00,55.15,55.5,54.8,55.12,7702.215116,55.12
2017-11-01 07:00:00,55.56,55.56,55.0,55.16,905.227474,55.16
2017-11-01 06:00:00,55.68,55.89,55.52,55.56,421.499274,55.56
2017-11-01 05:00:00,55.69,55.71,55.44,55.67,547.810289,55.67
2017-11-01 04:00:00,55.55,55.8,55.53,55.68,521.440254,55.68
2017-11-01 03:00:00,55.53,55.67,55.44,55.56,6868.307825,55.56
2017-11-01 02:00:00,55.68,55.68,55.44,55.62,1171.108572,55.62
2017-11-01 01:00:00,55.54,55.92,55.32,55.68,14014.630236,55.68
2017-11-01 00:00:00,55.56,55.74,55.32,55.56,36049.842193,55.56
2017-10-31 23:00:00,55.6,55.92,55.01,55.54,19982.367308,55.54
2017-10-31 22:00:00,55.83,55.92,55.0,55.6,25857.500172,55.6
2017-10-31 21:00:00,55.85,55.92,55.61,55.82,3084.56512,55.82
2017-10-31 20:00:00,56.19,56.6,55.61,55.84,9563.803909,55.84
2017-10-31 19:00:00,55.79,56.7,55.75,56.19,7384.974805,56.19
2017-10-31 18:00:00,55.79,55.81,55.6,55.75,7822.388581,55.75
2017-10-31 17:00:00,55.98,56.05,55.6,55.75,4306.615315,55.75
2017-10-31 16:00:00,55.95,55.97,55.81,55.94,494.528554,55.94
2017-10-31 15:00:00,56.21,56.25,55.92,55.94,798.509161,55.94
2017-10-31 14:00:00,56.57,56.57,55.82,56.23,2988.522745,56.23
2017-10-31 13:00:00,56.06,56.99,56.0,56.59,22335.730304,56.59
2017-10-31 12:00:00,56.06,57.0,55.93,56.13,8169.254405,56.13
2017-10-31 11:00:00,55.95,56.33,55.82,55.82,1378.132574,55.82
2017-10-31 10:00:00,55.86,55.91,55.82,55.88,351.77288,55.88
2017-10-31 09:00:00,55.88,55.91,55.85,55.9,359.29142,55.9
2017-10-31 08:00:00,55.89,55.92,55.85,55.88,368.727489,55.88
2017-10-31 07:00:00,55.95,55.99,55.88,55.88,341.310933,55.88
2017-10-31 06:00:00,55.96,55.99,55.93,55.95,394.51102,55.95
2017-10-31 05:00:00,55.94,55.99,55.93,55.95,367.40748,55.95
2017-10-31 04:00:00,55.95,56.07,55.93,55.97,380.561159,55.97
2017-10-31 03:00:00,55.94,56.1,55.82,55.95,467.552009,55.95
2017-10-31 02:00:00,55.96,56.1,55.93,55.94,3749.189364,55.94
2017-10-31 01:00:00,56.33,56.37,55.93,55.93,8773.256655,55.93
2017-10-31 00:00:00,56.29,56.43,56.22,56.22,882.7891,56.22
2017-10-30 23:00:00,56.22,56.86,56.22,56.29,6955.943561,56.29
2017-10-30 22:00:00,56.33,56.6,56.22,56.22,1117.088606,56.22
2017-10-30 21:00:00,56.54,57.21,56.3,56.32,3558.698925,56.32
2017-10-30 20:00:00,56.94,56.94,56.4,56.54,5855.510758,56.54
2017-10-30 19:00:00,56.89,57.15,56.76,56.91,911.616946,56.91
2017-10-30 18:00:00,57.14,57.16,56.79,56.9,650.1382,56.9
2017-10-30 17:00:00,57.56,57.75,57.12,57.13,4543.00849,57.13
2017-10-30 16:00:00,57.52,57.8,57.3,57.56,1057.959735,57.56
2017-10-30 15:00:00,58.32,58.79,57.49,57.51,2312.861839,57.51
2017-10-30 14:00:00,58.09,58.9,57.4,57.86,20984.232583,57.86
2017-10-30 13:00:00,56.39,58.8,56.37,58.08,5988.904564,58.08
2017-10-30 12:00:00,56.41,56.44,56.22,56.4,417.976529,56.4
2017-10-30 11:00:00,56.59,56.63,56.22,56.38,1652.133092,56.38
2017-10-30 10:00:00,56.58,57.0,56.38,56.81,13053.927411,56.81
2017-10-30 09:00:00,56.57,56.6,56.54,56.57,415.610148,56.57
2017-10-30 08:00:00,57.14,57.14,56.55,56.55,1474.791467,56.55
2017-10-30 07:00:00,56.73,57.12,56.73,57.1,394.40026,57.1
2017-10-30 06:00:00,56.73,57.5,56.7,57.5,2664.994599,57.5
2017-10-30 05:00:00,56.5,56.8,56.48,56.73,826.042625,56.73
2017-10-30 04:00:00,56.49,56.8,56.2,56.48,707.57023,56.48
2017-10-30 03:00:00,56.52,56.52,56.47,56.49,389.068669,56.49
2017-10-30 02:00:00,56.48,56.52,56.47,56.49,441.59417,56.49
2017-10-30 01:00:00,56.2,56.53,56.2,56.49,404.26523,56.49
2017-10-30 00:00:00,56.31,56.8,56.0,56.19,1188.356557,56.19
2017-10-29 23:00:00,55.57,56.8,55.57,56.27,993.063752,56.27
2017-10-29 22:00:00,56.5,57.0,55.0,55.57,1544.047703,55.57
2017-10-29 21:00:00,55.55,57.2,55.55,56.4,8470.474707,56.4
2017-10-29 20:00:00,54.86,56.8,54.28,55.7,21173.389396,55.7
2017-10-29 19:00:00,54.11,54.89,53.72,54.89,1297.534942,54.89
2017-10-29 18:00:00,55.46,55.46,53.81,53.81,12788.752405,53.81
2017-10-29 17:00:00,54.37,55.48,54.09,55.47,3993.946999,55.47
2017-10-29 16:00:00,54.37,54.5,53.8,54.25,374.032079,54.25
2017-10-29 15:00:00,54.11,54.76,54.0,54.27,489.788323,54.27
2017-10-29 14:00:00,53.94,54.11,53.92,53.97,376.757553,53.97
2017-10-29 13:00:00,53.96,54.11,53.92,53.95,390.65338,53.95
2017-10-29 12:00:00,53.81,53.98,53.77,53.96,429.604953,53.96
2017-10-29 11:00:00,53.6,54.14,53.6,53.81,490.600662,53.81
2017-10-29 10:00:00,53.71,53.75,53.5,53.6,172.601449,53.6
2017-10-29 09:00:00,53.91,53.93,53.68,53.73,360.970394,53.73
2017-10-29 08:00:00,53.83,54.36,53.81,53.92,318.497856,53.92
2017-10-29 07:00:00,54.08,54.11,53.76,53.82,1041.813696,53.82
2017-10-29 06:00:00,54.08,54.12,54.06,54.12,236.372785,54.12
2017-10-29 05:00:00,54.1,54.12,54.06,54.09,241.303031,54.09
2017-10-29 04:00:00,54.18,54.2,54.06,54.08,234.911355,54.08
2017-10-29 03:00:00,54.24,54.36,54.0,54.17,237.579451,54.17
2017-10-29 02:00:00,54.2,54.23,54.18,54.2,201.968904,54.2
2017-10-29 01:00:00,54.35,54.67,54.2,54.2,236.573359,54.2
2017-10-29 00:00:00,54.36,54.39,54.33,54.37,249.569743,54.37
2017-10-28 23:00:00,54.24,54.38,54.06,54.37,2432.568056,54.37
2017-10-28 22:00:00,54.39,54.44,54.06,54.22,296.833021,54.22
2017-10-28 21:00:00,54.36,54.76,54.06,54.39,250.461689,54.39
2017-10-28 20:00:00,54.68,54.68,54.1,54.37,3692.412767,54.37
2017-10-28 19:00:00,54.85,55.0,54.68,54.76,1891.90324,54.76
2017-10-28 18:00:00,54.56,54.76,54.1,54.76,296.800218,54.76
2017-10-28 17:00:00,54.56,54.61,54.52,54.57,244.7976,54.57
2017-10-28 16:00:00,55.12,55.15,54.52,54.52,206.562627,54.52
2017-10-28 15:00:00,55.01,55.25,55.0,55.12,1084.996754,55.12
2017-10-28 14:00:00,54.62,55.5,54.25,55.12,1415.473429,55.12
2017-10-28 13:00:00,54.55,54.65,54.55,54.64,218.41326,54.64
2017-10-28 12:00:00,54.51,55.01,54.1,54.55,202.274166,54.55
2017-10-28 11:00:00,54.5,55.01,54.0,54.5,274.893877,54.5
2017-10-28 10:00:00,54.76,54.8,54.22,54.25,1508.005184,54.25
2017-10-28 09:00:00,55.24,55.91,54.54,54.77,1062.12884,54.77
2017-10-28 08:00:00,54.72,56.2,54.21,55.08,409.91952,55.08
2017-10-28 07:00:00,55.8,55.8,54.0,54.66,325.801755,54.66
2017-10-28 06:00:00,54.91,56.13,54.0,54.0,263.614773,54.0
2017-10-28 05:00:00,55.05,56.28,54.0,55.25,300.686594,55.25
2017-10-28 04:00:00,54.97,56.07,54.0,54.83,280.179454,54.83
2017-10-28 03:00:00,55.43,56.26,54.0,54.86,256.31135,54.86
2017-10-28 02:00:00,55.05,56.1,54.0,55.02,216.820163,55.02
2017-10-28 01:00:00,55.0,57.99,54.01,55.15,1992.425284,55.15
2017-10-28 00:00:00,54.44,54.58,54.41,54.48,5336.476987,54.48
2017-10-27 23:00:00,57.99,57.99,54.0,54.0,2829.10003,54.0
2017-10-27 22:00:00,58.0,58.0,58.0,58.0,0.0812,58.0
2017-10-27 21:00:00,56.3,56.4,56.3,56.4,9024.48951,56.4
2017-10-27 20:00:00,56.4,56.4,56.4,56.4,0.0,56.4
2017-10-27 19:00:00,56.4,56.4,56.4,56.4,143.89332,56.4
2017-10-27 18:00:00,55.22,56.2,54.42,54.42,2173.48381,54.42
2017-10-27 17:00:00,54.82,55.1,54.43,54.98,29273.896748,54.98
2017-10-27 16:00:00,54.83,55.16,54.66,54.98,17632.734581,54.98
2017-10-27 15:00:00,56.0,56.0,54.7,55.2,5659.096,55.2
2017-10-27 14:00:00,55.45,56.1,55.22,56.0,2101.106366,56.0
2017-10-27 13:00:00,55.58,56.7,54.6,55.45,10969.422498,55.45
2017-10-27 12:00:00,56.1,60.0,54.65,55.8,10638.731843,55.8
